Date,OISESTR,SPX,SX5T
2019-10-01,-0.549,2940.25,3518.25
2019-10-02,-0.551,2887.610107421875,3413.31005859375
2019-10-03,-0.555,2910.6298828125,3417.3701171875
2019-10-04,-0.553,2952.010009765625,3446.7099609375
2019-10-07,-0.554,2938.7900390625,3471.239990234375
2019-10-08,-0.552,2893.06005859375,3432.760009765625
2019-10-09,-0.552,2919.39990234375,3462.110107421875
2019-10-10,-0.552,2938.1298828125,3493.9599609375
2019-10-11,-0.55,2970.27001953125,3569.919921875
2019-10-14,-0.549,2966.14990234375,3556.260009765625
2019-10-15,-0.551,2995.679931640625,3598.64990234375
2019-10-16,-0.548,2989.68994140625,3599.25
2019-10-17,-0.548,2997.949951171875,3588.6201171875
2019-10-18,-0.547,2986.199951171875,3579.409912109375
2019-10-21,-0.549,3006.719970703125,3600.080078125
2019-10-22,-0.548,2995.989990234375,3604.820068359375
2019-10-23,-0.547,3004.52001953125,3606.889892578125
2019-10-24,-0.548,3010.2900390625,3621.3701171875
2019-10-25,-0.548,3022.550048828125,3624.679931640625
2019-10-28,-0.548,3039.419921875,3625.68994140625
2019-10-29,-0.545,3036.889892578125,3622.090087890625
2019-10-30,-0.545,3046.77001953125,3620.2900390625
2019-10-31,-0.543,3037.56005859375,3604.409912109375
2019-11-01,-0.549,3066.909912109375,3623.739990234375
2019-11-04,-0.536,3078.27001953125,3665.2099609375
2019-11-05,-0.541,3074.6201171875,3676.52001953125
2019-11-06,-0.539,3076.780029296875,3688.739990234375
2019-11-07,-0.537,3085.179931640625,3706.679931640625
2019-11-08,-0.54,3093.080078125,3699.64990234375
2019-11-11,-0.541,3087.010009765625,3696.820068359375
2019-11-12,-0.537,3091.840087890625,3712.199951171875
2019-11-13,-0.531,3094.0400390625,3699.5
2019-11-14,-0.536,3096.6298828125,3688.81005859375
2019-11-18,-0.541,3122.030029296875,3704.919921875
2019-11-19,-0.542,3120.179931640625,3696.56005859375
2019-11-20,-0.511,3108.4599609375,3683.8798828125
2019-11-21,-0.542,3103.5400390625,3679.659912109375
2019-11-22,-0.536,3110.2900390625,3687.320068359375
2019-11-25,-0.533,3133.639892578125,3707.679931640625
2019-11-26,-0.533,3140.52001953125,3705.550048828125
2019-11-27,-0.533,3153.6298828125,3712.85009765625
2019-11-29,-0.532,3140.97998046875,3703.580078125
2019-12-02,-0.541,3113.8701171875,3626.659912109375
2019-12-03,-0.539,3093.199951171875,3610.989990234375
2019-12-04,-0.54,3112.760009765625,3660.02001953125
2019-12-05,-0.54,3117.429931640625,3648.1298828125
2019-12-06,-0.541,3145.909912109375,3692.340087890625
2019-12-09,-0.541,3135.9599609375,3672.179931640625
2019-12-10,-0.544,3132.52001953125,3671.780029296875
2019-12-11,-0.544,3141.6298828125,3687.449951171875
2019-12-12,-0.544,3168.570068359375,3706.35009765625
2019-12-13,-0.543,3168.800048828125,3731.070068359375
2019-12-16,-0.543,3191.449951171875,3772.739990234375
2019-12-17,-0.536,3192.52001953125,3745.280029296875
2019-12-18,-0.54,3191.139892578125,3739.0
2019-12-19,-0.54,3205.3701171875,3739.169921875
2019-12-20,-0.54,3221.219970703125,3776.56005859375
2019-12-23,-0.545,3224.010009765625,3776.659912109375
2019-12-27,-0.542,3240.02001953125,3782.27001953125
2019-12-30,-0.541,3221.2900390625,3748.469970703125
2020-01-03,-0.537,3234.85009765625,3773.3701171875
2020-01-06,-0.539,3246.280029296875,3752.52001953125
2020-01-07,-0.54,3237.179931640625,3759.25
2020-01-08,-0.536,3253.050048828125,3772.56005859375
2020-01-09,-0.539,3274.699951171875,3795.8798828125
2020-01-10,-0.538,3265.35009765625,3789.52001953125
2020-01-13,-0.537,3288.1298828125,3779.679931640625
2020-01-14,-0.538,3283.14990234375,3774.8798828125
2020-01-15,-0.538,3289.2900390625,3768.9599609375
2020-01-16,-0.536,3316.81005859375,3774.139892578125
2020-01-17,-0.537,3329.6201171875,3808.260009765625
2020-01-21,-0.535,3320.7900390625,3789.1201171875
2020-01-22,-0.536,3321.75,3769.7900390625
2020-01-23,-0.537,3325.5400390625,3736.85009765625
2020-01-24,-0.537,3295.469970703125,3779.159912109375
2020-01-27,-0.538,3243.6298828125,3677.840087890625
2020-01-28,-0.536,3276.239990234375,3719.219970703125
2020-01-29,-0.54,3273.39990234375,3736.360107421875
2020-01-30,-0.539,3283.659912109375,3690.780029296875
2020-01-31,-0.539,3225.52001953125,3640.909912109375
2020-02-03,-0.537,3248.919921875,3661.27001953125
2020-02-04,-0.536,3297.590087890625,3732.280029296875
2020-02-05,-0.536,3334.68994140625,3777.840087890625
2020-02-06,-0.535,3345.780029296875,3805.52001953125
2020-02-07,-0.537,3327.7099609375,3798.489990234375
2020-02-10,-0.537,3352.090087890625,3793.179931640625
2020-02-11,-0.541,3357.75,3825.840087890625
2020-02-12,-0.541,3379.449951171875,3854.429931640625
2020-02-13,-0.54,3373.93994140625,3846.739990234375
2020-02-14,-0.538,3380.159912109375,3840.969970703125
2020-02-18,-0.536,3370.2900390625,3836.5400390625
2020-02-19,-0.538,3386.14990234375,3865.179931640625
2020-02-20,-0.538,3373.22998046875,3822.97998046875
2020-02-21,-0.539,3337.75,3800.3798828125
2020-02-24,-0.54,3225.889892578125,3647.97998046875
2020-02-25,-0.539,3128.2099609375,3572.510009765625
2020-02-26,-0.539,3116.389892578125,3577.679931640625
2020-02-27,-0.538,2978.760009765625,3455.919921875
2020-02-28,-0.54,2954.219970703125,3329.489990234375
2020-03-02,-0.542,3090.22998046875,3338.830078125
2020-03-03,-0.542,3003.3701171875,3371.969970703125
2020-03-04,-0.541,3130.1201171875,3420.56005859375
2020-03-05,-0.54,3023.93994140625,3363.580078125
2020-03-06,-0.541,2972.3701171875,3232.070068359375
2020-03-09,-0.539,2746.56005859375,2959.070068359375
2020-03-10,-0.541,2882.22998046875,2910.02001953125
2020-03-11,-0.543,2741.3798828125,2905.56005859375
2020-03-12,-0.54,2480.639892578125,2545.22998046875
2020-03-13,-0.541,2711.02001953125,2586.02001953125
2020-03-16,-0.536,2386.1298828125,2450.3701171875
2020-03-17,-0.531,2529.18994140625,2530.5
2020-03-18,-0.529,2398.10009765625,2385.820068359375
2020-03-19,-0.526,2409.389892578125,2454.080078125
2020-03-20,-0.524,2304.919921875,2548.5
2020-03-23,-0.525,2237.39990234375,2485.5400390625
2020-03-24,-0.527,2447.330078125,2715.110107421875
2020-03-25,-0.527,2475.56005859375,2800.139892578125
2020-03-26,-0.529,2630.070068359375,2847.780029296875
2020-03-27,-0.53,2541.469970703125,2728.64990234375
2020-03-30,-0.528,2626.64990234375,2765.6201171875
2020-03-31,-0.522,2584.590087890625,2786.89990234375
2020-04-01,-0.527,2470.5,2680.300048828125
2020-04-02,-0.534,2526.89990234375,2688.489990234375
2020-04-03,-0.539,2488.64990234375,2662.989990234375
2020-04-06,-0.533,2663.679931640625,2795.969970703125
2020-04-07,-0.533,2659.409912109375,2857.669921875
2020-04-08,-0.535,2749.97998046875,2851.27001953125
2020-04-09,-0.536,2789.820068359375,2892.7900390625
2020-04-14,-0.534,2846.06005859375,2917.739990234375
2020-04-15,-0.535,2783.360107421875,2808.199951171875
2020-04-16,-0.534,2799.550048828125,2812.35009765625
2020-04-17,-0.538,2874.56005859375,2888.300048828125
2020-04-20,-0.541,2823.159912109375,2909.5
2020-04-21,-0.541,2736.56005859375,2791.340087890625
2020-04-22,-0.539,2799.31005859375,2834.89990234375
2020-04-23,-0.539,2797.800048828125,2852.4599609375
2020-04-24,-0.539,2836.739990234375,2809.070068359375
2020-04-27,-0.539,2878.47998046875,2882.090087890625
2020-04-28,-0.541,2863.389892578125,2932.06005859375
2020-04-29,-0.543,2939.510009765625,2996.080078125
2020-04-30,-0.531,2912.429931640625,2927.929931640625
2020-05-04,-0.543,2842.739990234375,2816.47998046875
2020-05-05,-0.539,2868.43994140625,2875.909912109375
2020-05-06,-0.542,2848.419921875,2843.760009765625
2020-05-07,-0.541,2881.18994140625,2880.60009765625
2020-05-08,-0.541,2929.800048828125,2908.110107421875
2020-05-11,-0.544,2930.18994140625,2883.75
2020-05-12,-0.543,2870.1201171875,2884.199951171875
2020-05-13,-0.542,2820.0,2810.550048828125
2020-05-14,-0.541,2852.5,2760.22998046875
2020-05-15,-0.543,2863.699951171875,2770.699951171875
2020-05-18,-0.542,2953.909912109375,2911.8798828125
2020-05-19,-0.542,2922.93994140625,2902.580078125
2020-05-20,-0.545,2971.610107421875,2942.389892578125
2020-05-22,-0.539,2955.449951171875,2905.469970703125
2020-05-26,-0.541,2991.77001953125,2999.219970703125
2020-05-27,-0.541,3036.1298828125,3051.080078125
2020-05-28,-0.541,3029.72998046875,3094.469970703125
2020-05-29,-0.54,3044.31005859375,3050.199951171875
2020-06-02,-0.542,3080.820068359375,3159.02001953125
2020-06-03,-0.543,3122.8701171875,3269.590087890625
2020-06-04,-0.545,3112.35009765625,3261.669921875
2020-06-05,-0.544,3193.929931640625,3384.2900390625
2020-06-08,-0.547,3232.389892578125,3366.2900390625
2020-06-09,-0.542,3207.179931640625,3320.7099609375
2020-06-10,-0.548,3190.139892578125,3293.7099609375
2020-06-11,-0.547,3002.10009765625,3144.570068359375
2020-06-12,-0.546,3041.31005859375,3153.739990234375
2020-06-15,-0.547,3066.590087890625,3136.39990234375
2020-06-16,-0.546,3124.739990234375,3242.64990234375
2020-06-17,-0.544,3113.489990234375,3267.260009765625
2020-06-18,-0.544,3115.340087890625,3249.89990234375
2020-06-19,-0.546,3097.739990234375,3269.10009765625
2020-06-22,-0.545,3117.860107421875,3241.68994140625
2020-06-23,-0.544,3131.2900390625,3298.830078125
2020-06-24,-0.546,3050.330078125,3196.1201171875
2020-06-25,-0.547,3083.760009765625,3218.909912109375
2020-06-26,-0.547,3009.050048828125,3204.169921875
2020-06-29,-0.545,3053.239990234375,3232.02001953125
2020-06-30,-0.555,3100.2900390625,3234.070068359375
2020-07-01,-0.548,3115.860107421875,3228.449951171875
2020-07-02,-0.548,3130.010009765625,3320.090087890625
2020-07-06,-0.55,3179.719970703125,3350.030029296875
2020-07-07,-0.55,3145.320068359375,3321.56005859375
2020-07-08,-0.549,3169.93994140625,3286.090087890625
2020-07-09,-0.549,3152.050048828125,3261.169921875
2020-07-10,-0.549,3185.0400390625,3296.219970703125
2020-07-13,-0.552,3155.219970703125,3350.0
2020-07-14,-0.551,3197.52001953125,3321.389892578125
2020-07-15,-0.551,3226.56005859375,3378.2099609375
2020-07-16,-0.541,3215.570068359375,3365.35009765625
2020-07-17,-0.551,3224.72998046875,3365.60009765625
2020-07-20,-0.551,3251.840087890625,3388.340087890625
2020-07-21,-0.549,3257.300048828125,3405.35009765625
2020-07-22,-0.55,3276.02001953125,3370.760009765625
2020-07-23,-0.55,3235.659912109375,3371.739990234375
2020-07-24,-0.551,3215.6298828125,3310.889892578125
2020-07-27,-0.552,3239.409912109375,3302.840087890625
2020-07-28,-0.551,3218.43994140625,3303.56005859375
2020-07-29,-0.553,3258.43994140625,3300.159912109375
2020-07-30,-0.552,3246.219970703125,3208.199951171875
2020-07-31,-0.55,3271.1201171875,3174.320068359375
2020-08-03,-0.552,3294.610107421875,3248.280029296875
2020-08-04,-0.551,3306.510009765625,3254.2900390625
2020-08-05,-0.552,3327.77001953125,3268.3798828125
2020-08-06,-0.553,3349.159912109375,3240.389892578125
2020-08-07,-0.553,3351.280029296875,3252.64990234375
2020-08-10,-0.554,3360.469970703125,3259.7099609375
2020-08-11,-0.552,3333.68994140625,3332.1201171875
2020-08-12,-0.552,3380.35009765625,3363.179931640625
2020-08-13,-0.552,3373.429931640625,3342.85009765625
2020-08-14,-0.549,3372.85009765625,3305.050048828125
2020-08-17,-0.553,3381.989990234375,3305.85009765625
2020-08-18,-0.554,3389.780029296875,3289.639892578125
2020-08-19,-0.553,3374.85009765625,3317.6201171875
2020-08-20,-0.553,3385.510009765625,3273.97998046875
2020-08-21,-0.554,3397.159912109375,3259.75
2020-08-24,-0.552,3431.280029296875,3331.739990234375
2020-08-25,-0.553,3443.6201171875,3329.7099609375
2020-08-26,-0.554,3478.72998046875,3356.760009765625
2020-08-27,-0.552,3484.550048828125,3331.0400390625
2020-08-28,-0.552,3508.010009765625,3315.5400390625
2020-08-31,-0.557,3500.31005859375,3272.510009765625
2020-09-01,-0.554,3526.64990234375,3277.580078125
2020-09-02,-0.555,3580.840087890625,3337.77001953125
2020-09-03,-0.551,3455.06005859375,3304.219970703125
2020-09-04,-0.552,3426.9599609375,3260.590087890625
2020-09-08,-0.553,3331.840087890625,3267.3701171875
2020-09-09,-0.554,3398.9599609375,3324.830078125
2020-09-10,-0.554,3339.18994140625,3312.77001953125
2020-09-11,-0.553,3340.969970703125,3315.81005859375
2020-09-14,-0.555,3383.5400390625,3316.7900390625
2020-09-15,-0.551,3401.199951171875,3332.260009765625
2020-09-16,-0.556,3385.489990234375,3338.840087890625
2020-09-17,-0.553,3357.010009765625,3316.570068359375
2020-09-18,-0.552,3319.469970703125,3283.68994140625
2020-09-21,-0.552,3281.06005859375,3160.949951171875
2020-09-22,-0.552,3315.570068359375,3164.1298828125
2020-09-23,-0.551,3236.919921875,3180.110107421875
2020-09-24,-0.553,3246.590087890625,3159.639892578125
2020-09-25,-0.554,3298.4599609375,3137.06005859375
2020-09-28,-0.555,3351.60009765625,3223.18994140625
2020-09-29,-0.556,3335.469970703125,3214.300048828125
2020-09-30,-0.57,3363.0,3193.610107421875
2020-10-01,-0.558,3380.800048828125,3194.090087890625
2020-10-02,-0.555,3348.419921875,3190.929931640625
2020-10-05,-0.555,3408.60009765625,3220.219970703125
2020-10-06,-0.556,3360.969970703125,3233.300048828125
2020-10-07,-0.555,3419.43994140625,3233.429931640625
2020-10-08,-0.553,3446.830078125,3255.760009765625
2020-10-09,-0.553,3477.139892578125,3273.1201171875
2020-10-12,-0.556,3534.219970703125,3298.1201171875
2020-10-13,-0.555,3511.929931640625,3279.18994140625
2020-10-14,-0.556,3488.669921875,3273.280029296875
2020-10-15,-0.556,3483.340087890625,3192.68994140625
2020-10-16,-0.553,3483.81005859375,3245.469970703125
2020-10-19,-0.553,3426.919921875,3242.510009765625
2020-10-20,-0.553,3443.1201171875,3227.8701171875
2020-10-21,-0.552,3435.56005859375,3180.699951171875
2020-10-22,-0.554,3453.489990234375,3171.409912109375
2020-10-23,-0.553,3465.389892578125,3198.860107421875
2020-10-26,-0.552,3400.969970703125,3105.25
2020-10-27,-0.554,3390.679931640625,3070.60009765625
2020-10-28,-0.555,3271.030029296875,2963.5400390625
2020-10-29,-0.552,3310.110107421875,2960.030029296875
2020-10-30,-0.557,3269.9599609375,2958.2099609375
2020-11-02,-0.555,3310.239990234375,3019.5400390625
2020-11-03,-0.553,3369.159912109375,3098.719970703125
2020-11-04,-0.558,3443.43994140625,3161.070068359375
2020-11-05,-0.556,3510.449951171875,3215.56005859375
2020-11-06,-0.558,3509.43994140625,3204.050048828125
2020-11-09,-0.558,3550.5,3407.909912109375
2020-11-10,-0.557,3545.530029296875,3442.6201171875
2020-11-11,-0.558,3572.659912109375,3467.300048828125
2020-11-12,-0.548,3537.010009765625,3428.199951171875
2020-11-13,-0.556,3585.14990234375,3432.070068359375
2020-11-16,-0.558,3626.909912109375,3466.2099609375
2020-11-17,-0.557,3609.530029296875,3468.47998046875
2020-11-18,-0.557,3567.7900390625,3482.169921875
2020-11-19,-0.557,3581.8701171875,3451.969970703125
2020-11-20,-0.557,3557.5400390625,3467.60009765625
2020-11-23,-0.557,3577.590087890625,3463.0400390625
2020-11-24,-0.556,3635.409912109375,3507.97998046875
2020-11-25,-0.554,3629.64990234375,3511.89990234375
2020-11-27,-0.557,3638.35009765625,3527.7900390625
2020-11-30,-0.56,3621.6298828125,3492.5400390625
2020-12-01,-0.557,3662.449951171875,3525.239990234375
2020-12-02,-0.556,3669.010009765625,3521.320068359375
2020-12-03,-0.556,3666.719970703125,3517.10009765625
2020-12-04,-0.555,3699.1201171875,3539.27001953125
2020-12-07,-0.555,3691.9599609375,3530.080078125
2020-12-08,-0.559,3702.25,3525.8701171875
2020-12-09,-0.556,3672.820068359375,3529.02001953125
2020-12-10,-0.556,3668.10009765625,3522.31005859375
2020-12-11,-0.557,3663.4599609375,3485.840087890625
2020-12-14,-0.558,3647.489990234375,3503.9599609375
2020-12-15,-0.551,3694.6201171875,3521.5
2020-12-16,-0.557,3701.169921875,3543.0
2020-12-17,-0.556,3722.47998046875,3560.8701171875
2020-12-21,-0.557,3694.919921875,3448.679931640625
2020-12-22,-0.558,3687.260009765625,3497.489990234375
2020-12-23,-0.559,3690.010009765625,3539.260009765625
2020-12-28,-0.553,3735.360107421875,3575.409912109375
2020-12-29,-0.557,3727.0400390625,3581.3701171875
2020-12-30,-0.555,3732.0400390625,3571.590087890625
2021-01-04,-0.566,3700.64990234375,3564.389892578125
2021-01-05,-0.563,3726.860107421875,3547.85009765625
2021-01-06,-0.566,3748.139892578125,3611.080078125
2021-01-07,-0.565,3803.7900390625,3622.419921875
2021-01-11,-0.564,3799.610107421875,3620.6201171875
2021-01-12,-0.563,3801.18994140625,3612.1298828125
2021-01-13,-0.562,3809.840087890625,3616.510009765625
2021-01-14,-0.564,3795.5400390625,3641.3701171875
2021-01-19,-0.564,3798.909912109375,3595.419921875
2021-01-20,-0.564,3851.85009765625,3624.0400390625
2021-01-21,-0.562,3853.070068359375,3618.35009765625
2021-01-25,-0.564,3855.360107421875,3553.139892578125
2021-01-26,-0.558,3849.6201171875,3592.830078125
2021-01-27,-0.563,3750.77001953125,3536.3798828125
2021-01-28,-0.561,3787.3798828125,3557.0400390625
2021-02-01,-0.566,3773.860107421875,3530.85009765625
2021-02-02,-0.564,3826.31005859375,3590.4599609375
2021-02-03,-0.558,3830.169921875,3609.75
2021-02-04,-0.564,3871.739990234375,3642.1201171875
2021-02-08,-0.563,3915.590087890625,3665.510009765625
2021-02-09,-0.564,3911.22998046875,3661.1298828125
2021-02-10,-0.564,3909.8798828125,3648.3701171875
2021-02-11,-0.565,3916.3798828125,3671.679931640625
2021-02-16,-0.564,3932.590087890625,3726.39990234375
2021-02-17,-0.563,3931.330078125,3699.85009765625
2021-02-18,-0.562,3913.969970703125,3681.0400390625
2021-02-22,-0.564,3876.5,3699.85009765625
2021-02-23,-0.565,3881.3701171875,3689.10009765625
2021-02-24,-0.564,3925.429931640625,3705.989990234375
2021-02-25,-0.564,3829.340087890625,3685.280029296875
2021-03-01,-0.563,3901.820068359375,3706.6201171875
2021-03-02,-0.565,3870.2900390625,3707.719970703125
2021-03-03,-0.565,3819.719970703125,3712.780029296875
2021-03-04,-0.565,3768.469970703125,3704.85009765625
2021-03-08,-0.558,3821.35009765625,3763.239990234375
2021-03-09,-0.56,3875.43994140625,3786.050048828125
2021-03-10,-0.562,3898.81005859375,3819.919921875
2021-03-11,-0.561,3939.340087890625,3845.639892578125
2021-03-15,-0.564,3968.93994140625,3829.840087890625
2021-03-16,-0.562,3962.7099609375,3850.9599609375
2021-03-17,-0.561,3974.1201171875,3849.739990234375
2021-03-18,-0.566,3915.4599609375,3867.5400390625
2021-03-22,-0.566,3940.590087890625,3833.840087890625
2021-03-23,-0.563,3910.52001953125,3827.02001953125
2021-03-24,-0.564,3889.139892578125,3832.550048828125
2021-03-25,-0.564,3909.52001953125,3832.570068359375
2021-03-29,-0.57,3971.090087890625,3882.8701171875
2021-03-30,-0.57,3958.550048828125,3926.199951171875
2021-03-31,-0.574,3972.889892578125,3919.2099609375
2021-04-06,-0.567,4073.93994140625,3970.419921875
2021-04-07,-0.567,4079.949951171875,3956.77001953125
2021-04-08,-0.57,4097.169921875,3977.830078125
2021-04-12,-0.567,4127.990234375,3961.89990234375
2021-04-13,-0.563,4141.58984375,3966.989990234375
2021-04-14,-0.56,4124.66015625,3976.280029296875
2021-04-15,-0.566,4170.419921875,3993.429931640625
2021-04-19,-0.567,4163.259765625,4019.909912109375
2021-04-20,-0.567,4134.93994140625,3940.4599609375
2021-04-21,-0.565,4173.419921875,3976.409912109375
2021-04-22,-0.565,4134.97998046875,4014.800048828125
2021-04-26,-0.567,4187.6201171875,4020.830078125
2021-04-27,-0.56,4186.72021484375,4011.909912109375
2021-04-28,-0.566,4183.18017578125,4015.030029296875
2021-04-29,-0.566,4211.47021484375,3996.89990234375
2021-05-03,-0.567,4192.66015625,4000.25
2021-05-04,-0.564,4164.66015625,3924.800048828125
2021-05-05,-0.566,4167.58984375,4002.7900390625
2021-05-06,-0.565,4201.6201171875,3999.43994140625
2021-05-10,-0.567,4188.43017578125,4023.35009765625
2021-05-11,-0.564,4152.10009765625,3946.06005859375
2021-05-12,-0.564,4063.0400390625,3947.429931640625
2021-05-17,-0.565,4163.2900390625,4006.840087890625
2021-05-18,-0.558,4127.830078125,4005.340087890625
2021-05-19,-0.564,4115.68017578125,3936.739990234375
2021-05-20,-0.563,4159.1201171875,3999.909912109375
2021-05-25,-0.565,4188.1298828125,4036.0400390625
2021-05-26,-0.565,4195.990234375,4031.669921875
2021-05-27,-0.564,4200.8798828125,4039.2099609375
2021-06-01,-0.564,4202.0400390625,4071.75
2021-06-02,-0.563,4208.1201171875,4088.5
2021-06-03,-0.563,4192.85009765625,4079.239990234375
2021-06-07,-0.564,4226.52001953125,4097.64990234375
2021-06-08,-0.563,4227.259765625,4096.009765625
2021-06-09,-0.564,4219.5498046875,4096.85009765625
2021-06-10,-0.561,4239.18017578125,4096.06982421875
2021-06-14,-0.565,4255.14990234375,4132.669921875
2021-06-15,-0.561,4246.58984375,4143.52001953125
2021-06-16,-0.562,4223.7001953125,4151.759765625
2021-06-17,-0.563,4221.85986328125,4158.14013671875
2021-06-21,-0.564,4224.7900390625,4112.330078125
2021-06-22,-0.564,4246.43994140625,4123.1298828125
2021-06-23,-0.563,4241.83984375,4075.93994140625
2021-06-24,-0.565,4266.490234375,4122.43017578125
2021-06-28,-0.566,4290.60986328125,4089.909912109375
2021-06-29,-0.568,4291.7998046875,4107.509765625
2021-06-30,-0.581,4297.5,4064.300048828125
2021-07-01,-0.565,4319.93994140625,4078.889892578125
2021-07-06,-0.565,4343.5400390625,4052.669921875
2021-07-07,-0.565,4358.1298828125,4078.530029296875
2021-07-08,-0.566,4320.81982421875,3991.659912109375
2021-07-12,-0.568,4384.6298828125,4093.3798828125
2021-07-13,-0.566,4369.2099609375,4094.56005859375
2021-07-14,-0.566,4374.2998046875,4099.5
2021-07-15,-0.566,4360.02978515625,4056.389892578125
2021-07-19,-0.566,4258.490234375,3928.530029296875
2021-07-20,-0.567,4323.06005859375,3956.340087890625
2021-07-21,-0.568,4358.68994140625,4026.679931640625
2021-07-22,-0.563,4367.47998046875,4059.050048828125
2021-07-26,-0.567,4422.2998046875,4102.58984375
2021-07-27,-0.563,4401.4599609375,4064.830078125
2021-07-28,-0.567,4400.64013671875,4103.02978515625
2021-07-29,-0.567,4419.14990234375,4116.77001953125
2021-08-02,-0.565,4387.16015625,4116.6201171875
2021-08-03,-0.57,4423.14990234375,4117.9501953125
2021-08-04,-0.57,4402.66015625,4144.89990234375
2021-08-05,-0.566,4429.10009765625,4161.080078125
2021-08-09,-0.568,4432.35009765625,4177.14990234375
2021-08-10,-0.567,4436.75,4187.81982421875
2021-08-11,-0.567,4442.41015625,4206.330078125
2021-08-12,-0.568,4460.830078125,4226.330078125
2021-08-16,-0.569,4479.7099609375,4202.43994140625
2021-08-17,-0.568,4448.080078125,4196.39990234375
2021-08-18,-0.567,4400.27001953125,4189.419921875
2021-08-19,-0.567,4405.7998046875,4124.7099609375
2021-08-23,-0.568,4479.52978515625,4176.419921875
2021-08-24,-0.567,4486.22998046875,4178.080078125
2021-08-25,-0.564,4496.18994140625,4181.1201171875
2021-08-26,-0.57,4470.0,4169.8701171875
2021-08-30,-0.568,4528.7900390625,4198.7998046875
2021-08-31,-0.57,4522.68017578125,4196.41015625
2021-09-01,-0.569,4524.08984375,4227.27001953125
2021-09-02,-0.569,4536.9501953125,4232.10009765625
2021-09-07,-0.569,4520.02978515625,4225.009765625
2021-09-08,-0.569,4514.06982421875,4177.14990234375
2021-09-09,-0.57,4493.27978515625,4177.10986328125
2021-09-13,-0.571,4468.72998046875,4189.52978515625
2021-09-14,-0.568,4443.0498046875,4191.669921875
2021-09-15,-0.573,4480.7001953125,4145.93994140625
2021-09-16,-0.567,4473.75,4169.8701171875
2021-09-20,-0.566,4357.72998046875,4043.6298828125
2021-09-21,-0.571,4354.18994140625,4097.509765625
2021-09-22,-0.566,4395.64013671875,4150.18994140625
2021-09-23,-0.57,4448.97998046875,4194.919921875
2021-09-27,-0.571,4443.10986328125,4165.47998046875
2021-09-28,-0.573,4352.6298828125,4058.820068359375
2021-09-29,-0.572,4359.4599609375,4080.219970703125
2021-09-30,-0.58,4307.5400390625,4048.080078125
2021-10-04,-0.569,4300.4599609375,3996.409912109375
2021-10-05,-0.569,4345.72021484375,4065.429931640625
2021-10-06,-0.569,4363.5498046875,4012.64990234375
2021-10-07,-0.568,4399.759765625,4098.33984375
2021-10-11,-0.57,4361.18994140625,4072.52001953125
2021-10-12,-0.562,4350.64990234375,4055.090087890625
2021-10-13,-0.569,4363.7998046875,4083.280029296875
2021-10-14,-0.57,4438.259765625,4149.06005859375
2021-10-18,-0.574,4486.4599609375,4151.39990234375
2021-10-19,-0.573,4519.6298828125,4166.830078125
2021-10-20,-0.571,4536.18994140625,4172.169921875
2021-10-21,-0.573,4549.77978515625,4155.72998046875
2021-10-25,-0.571,4566.47998046875,4188.31005859375
2021-10-26,-0.57,4574.7900390625,4223.97021484375
2021-10-27,-0.573,4551.68017578125,4220.8798828125
2021-10-28,-0.573,4596.419921875,4233.8701171875
2021-11-01,-0.579,4613.669921875,4280.47021484375
2021-11-02,-0.569,4630.64990234375,4296.22021484375
2021-11-03,-0.574,4660.56982421875,4309.60986328125
2021-11-04,-0.573,4680.06005859375,4333.33984375
2021-11-09,-0.575,4685.25,4344.6298828125
2021-11-10,-0.576,4646.7099609375,4348.81982421875
2021-11-11,-0.575,4649.27001953125,4358.0
2021-11-15,-0.569,4682.7998046875,4386.18994140625
2021-11-16,-0.571,4700.89990234375,4401.490234375
2021-11-17,-0.571,4688.669921875,4400.81005859375
2021-11-18,-0.571,4704.5400390625,4383.7001953125
2021-11-22,-0.573,4682.93994140625,4338.68994140625
2021-11-23,-0.574,4690.7001953125,4283.81982421875
2021-11-24,-0.57,4701.4599609375,4276.25
2021-11-29,-0.573,4655.27001953125,4109.509765625
2021-11-30,-0.575,4567.0,4063.06005859375
2021-12-01,-0.574,4513.0400390625,4179.14990234375
2021-12-02,-0.575,4577.10009765625,4108.02001953125
2021-12-06,-0.578,4591.669921875,4137.10986328125
2021-12-07,-0.577,4686.75,4276.2001953125
2021-12-08,-0.577,4701.2099609375,4233.08984375
2021-12-09,-0.578,4667.4501953125,4208.2998046875
2021-12-13,-0.579,4668.97021484375,4183.0400390625
2021-12-14,-0.577,4634.08984375,4144.509765625
2021-12-15,-0.577,4709.85009765625,4159.68017578125
2021-12-16,-0.577,4668.669921875,4201.8701171875
2021-12-20,-0.576,4568.02001953125,4107.1298828125
2021-12-21,-0.571,4649.22998046875,4174.990234375
2021-12-22,-0.574,4696.56005859375,4217.06005859375
2021-12-23,-0.576,4725.7900390625,4265.85986328125
2021-12-27,-0.576,4791.18994140625,4287.97998046875
2021-12-28,-0.575,4786.35009765625,4311.93017578125
2021-12-29,-0.578,4793.06005859375,4284.830078125
2021-12-30,-0.58,4778.72998046875,4306.06982421875
2022-01-03,-0.578,4796.56005859375,4331.81982421875
2022-01-04,-0.578,4793.5400390625,4367.6201171875
2022-01-05,-0.578,4700.580078125,4392.14990234375
2022-01-06,-0.578,4696.0498046875,4324.81005859375
2022-01-10,-0.579,4670.2900390625,4239.52001953125
2022-01-11,-0.579,4713.06982421875,4281.5400390625
2022-01-12,-0.578,4726.35009765625,4316.39013671875
2022-01-13,-0.578,4659.02978515625,4315.89990234375
2022-01-18,-0.579,4577.10986328125,4257.81982421875
2022-01-19,-0.578,4532.759765625,4268.27978515625
2022-01-20,-0.579,4482.72998046875,4299.60986328125
2022-01-24,-0.579,4410.1298828125,4054.360107421875
2022-01-25,-0.578,4356.4501953125,4078.260009765625
2022-01-26,-0.576,4349.93017578125,4164.60009765625
2022-01-27,-0.573,4326.509765625,4184.97021484375
2022-01-31,-0.579,4515.5498046875,4174.60009765625
2022-02-01,-0.578,4546.5400390625,4224.4501953125
2022-02-02,-0.578,4589.3798828125,4222.0498046875
2022-02-03,-0.577,4477.43994140625,4141.02001953125
2022-02-07,-0.578,4483.8701171875,4120.56005859375
2022-02-08,-0.574,4521.5400390625,4129.25
2022-02-09,-0.578,4587.18017578125,4204.08984375
2022-02-10,-0.572,4504.080078125,4197.06982421875
2022-02-14,-0.578,4401.669921875,4064.449951171875
2022-02-15,-0.576,4471.06982421875,4143.7099609375
2022-02-16,-0.576,4475.009765625,4137.22021484375
2022-02-17,-0.576,4380.259765625,4113.18994140625
2022-02-22,-0.575,4304.759765625,3985.469970703125
2022-02-23,-0.576,4225.5,3973.409912109375
2022-02-24,-0.576,4288.7001953125,3829.2900390625
2022-02-28,-0.58,4373.93994140625,3924.22998046875
2022-03-01,-0.577,4306.259765625,3765.85009765625
2022-03-02,-0.578,4386.5400390625,3820.590087890625
2022-03-03,-0.579,4363.490234375,3741.780029296875
2022-03-07,-0.579,4201.08984375,3512.219970703125
2022-03-08,-0.579,4170.7001953125,3505.2900390625
2022-03-09,-0.58,4277.8798828125,3766.02001953125
2022-03-10,-0.576,4259.52001953125,3651.389892578125
2022-03-14,-0.577,4173.10986328125,3741.10009765625
2022-03-15,-0.573,4262.4501953125,3738.110107421875
2022-03-16,-0.577,4357.85986328125,3889.68994140625
2022-03-17,-0.578,4411.669921875,3885.320068359375
2022-03-21,-0.578,4461.18017578125,3881.800048828125
2022-03-22,-0.578,4511.60986328125,3926.1201171875
2022-03-23,-0.578,4456.240234375,3869.219970703125
2022-03-24,-0.579,4520.16015625,3863.389892578125
2022-03-28,-0.58,4575.52001953125,3887.10009765625
2022-03-29,-0.579,4631.60009765625,4002.179931640625
2022-03-30,-0.579,4602.4501953125,3959.139892578125
2022-03-31,-0.593,4530.41015625,3902.52001953125
2022-04-04,-0.585,4582.64013671875,3951.1201171875
2022-04-05,-0.586,4525.1201171875,3917.85009765625
2022-04-06,-0.584,4481.14990234375,3824.68994140625
2022-04-07,-0.582,4500.2099609375,3802.010009765625
2022-04-11,-0.584,4412.52978515625,3839.6201171875
2022-04-12,-0.583,4397.4501953125,3831.469970703125
2022-04-13,-0.585,4446.58984375,3827.9599609375
2022-04-19,-0.58,4462.2099609375,3830.760009765625
2022-04-20,-0.583,4459.4501953125,3896.81005859375
2022-04-21,-0.585,4393.66015625,3928.030029296875
2022-04-25,-0.585,4296.1201171875,3757.590087890625
2022-04-26,-0.582,4175.2001953125,3721.360107421875
2022-04-27,-0.583,4183.9599609375,3734.639892578125
2022-04-28,-0.583,4287.5,3777.02001953125
2022-05-02,-0.583,4155.3798828125,3732.43994140625
2022-05-03,-0.579,4175.47998046875,3761.18994140625
2022-05-04,-0.585,4300.169921875,3724.989990234375
2022-05-05,-0.585,4146.8701171875,3696.6298828125
2022-05-09,-0.586,3991.239990234375,3526.860107421875
2022-05-10,-0.584,4001.050048828125,3554.800048828125
2022-05-11,-0.584,3935.179931640625,3647.8701171875
2022-05-12,-0.577,3930.080078125,3613.429931640625
2022-05-16,-0.585,4008.010009765625,3685.340087890625
2022-05-17,-0.585,4088.85009765625,3741.510009765625
2022-05-18,-0.585,3923.679931640625,3690.739990234375
2022-05-19,-0.585,3900.7900390625,3633.330078125
2022-05-23,-0.586,3973.75,3708.389892578125
2022-05-24,-0.587,3941.47998046875,3647.56005859375
2022-05-25,-0.587,3978.72998046875,3677.10009765625
2022-05-31,-0.589,4132.14990234375,3789.2099609375
2022-06-07,-0.583,4160.68017578125,3806.739990234375
2022-06-08,-0.582,4115.77001953125,3788.929931640625
2022-06-09,-0.582,4017.820068359375,3724.449951171875
2022-06-13,-0.58,3749.6298828125,3502.5
2022-06-14,-0.578,3735.47998046875,3475.179931640625
2022-06-15,-0.58,3789.989990234375,3532.320068359375
2022-06-16,-0.582,3666.77001953125,3427.909912109375
2022-06-21,-0.582,3764.7900390625,3494.0
2022-06-22,-0.579,3759.889892578125,3464.639892578125
2022-06-23,-0.578,3795.72998046875,3436.2900390625
2022-06-27,-0.579,3900.110107421875,3538.8798828125
2022-06-28,-0.581,3821.550048828125,3549.2900390625
2022-06-29,-0.578,3818.830078125,3514.320068359375
2022-06-30,-0.591,3785.3798828125,3454.860107421875
2022-07-05,-0.58,3831.389892578125,3359.830078125
2022-07-06,-0.58,3845.080078125,3421.840087890625
2022-07-07,-0.579,3902.6201171875,3488.5
2022-07-11,-0.58,3854.429931640625,3471.68994140625
2022-07-12,-0.58,3818.800048828125,3487.050048828125
2022-07-13,-0.581,3801.780029296875,3453.969970703125
2022-07-14,-0.582,3790.3798828125,3396.610107421875
2022-07-18,-0.582,3830.85009765625,3511.860107421875
2022-07-19,-0.583,3936.68994140625,3587.43994140625
2022-07-20,-0.582,3959.89990234375,3585.239990234375
2022-07-21,-0.584,3998.949951171875,3596.510009765625
2022-07-25,-0.583,3966.840087890625,3604.159912109375
2022-07-26,-0.581,3921.050048828125,3575.360107421875
2022-07-27,-0.085,4023.610107421875,3607.780029296875
2022-07-28,-0.087,4072.429931640625,3652.199951171875
2022-08-02,-0.087,4091.18994140625,3684.6298828125
2022-08-03,-0.087,4155.169921875,3732.5400390625
2022-08-04,-0.084,4151.93994140625,3754.60009765625
2022-08-08,-0.085,4140.06005859375,3757.219970703125
2022-08-09,-0.085,4122.47021484375,3715.3701171875
2022-08-10,-0.086,4210.240234375,3749.35009765625
2022-08-11,-0.085,4207.27001953125,3757.050048828125
2022-08-15,-0.088,4297.14013671875,3789.6201171875
2022-08-16,-0.087,4305.2001953125,3805.219970703125
2022-08-17,-0.087,4274.0400390625,3756.06005859375
2022-08-18,-0.084,4283.740234375,3777.3798828125
2022-08-22,-0.082,4137.990234375,3658.219970703125
2022-08-23,-0.08,4128.72998046875,3652.52001953125
2022-08-24,-0.082,4140.77001953125,3667.4599609375
2022-08-25,-0.08,4199.1201171875,3674.5400390625
2022-08-29,-0.081,4030.610107421875,3570.510009765625
2022-08-30,-0.084,3986.159912109375,3561.919921875
2022-08-31,-0.091,3955.0,3517.25
2022-09-01,-0.084,3966.85009765625,3456.699951171875
2022-09-06,-0.085,3908.18994140625,3500.139892578125
2022-09-07,-0.076,3979.8701171875,3502.090087890625
2022-09-08,-0.086,4006.179931640625,3512.3798828125
2022-09-12,-0.086,4110.41015625,3646.510009765625
2022-09-13,-0.083,3932.68994140625,3586.179931640625
2022-09-14,0.662,3946.010009765625,3567.56005859375
2022-09-15,0.66,3901.35009765625,3541.7900390625
2022-09-19,0.657,3899.889892578125,3499.489990234375
2022-09-20,0.659,3855.929931640625,3467.090087890625
2022-09-21,0.661,3789.929931640625,3491.8701171875
2022-09-22,0.661,3757.989990234375,3427.139892578125
2022-09-26,0.663,3655.0400390625,3342.56005859375
2022-09-27,0.662,3647.2900390625,3328.64990234375
2022-09-28,0.662,3719.0400390625,3335.300048828125
2022-09-29,0.661,3640.469970703125,3279.0400390625
2022-10-03,0.656,3678.429931640625,3342.169921875
2022-10-04,0.657,3790.929931640625,3484.47998046875
2022-10-05,0.652,3783.280029296875,3447.719970703125
2022-10-06,0.655,3744.52001953125,3433.449951171875
2022-10-10,0.655,3612.389892578125,3356.8798828125
2022-10-11,0.657,3588.840087890625,3340.35009765625
2022-10-12,0.658,3577.030029296875,3331.530029296875
2022-10-13,0.658,3669.909912109375,3362.39990234375
2022-10-17,0.658,3677.949951171875,3441.639892578125
2022-10-18,0.657,3719.97998046875,3463.830078125
2022-10-19,0.656,3695.159912109375,3471.239990234375
2022-10-20,0.656,3665.780029296875,3492.85009765625
2022-10-24,0.658,3797.340087890625,3527.7900390625
2022-10-25,0.656,3859.110107421875,3585.580078125
2022-10-26,0.656,3830.60009765625,3605.31005859375
2022-10-27,0.657,3807.300048828125,3604.510009765625
2022-10-31,0.648,3871.97998046875,3617.5400390625
2022-11-01,0.659,3856.10009765625,3651.02001953125
2022-11-02,1.403,3759.68994140625,3622.010009765625
2022-11-03,1.403,3719.889892578125,3593.179931640625
2022-11-07,1.4,3806.800048828125,3708.800048828125
2022-11-08,1.4,3828.110107421875,3739.280029296875
2022-11-09,1.4,3748.570068359375,3728.030029296875
2022-11-10,1.402,3956.3701171875,3846.56005859375
2022-11-14,1.401,3957.25,3887.510009765625
2022-11-15,1.4,3991.72998046875,3915.090087890625
2022-11-16,1.401,3958.7900390625,3882.780029296875
2022-11-17,1.402,3946.56005859375,3878.419921875
2022-11-21,1.403,3949.93994140625,3909.280029296875
2022-11-22,1.404,4003.580078125,3929.89990234375
2022-11-23,1.405,4027.260009765625,3946.43994140625
2022-11-28,1.403,3963.93994140625,3935.510009765625
2022-11-29,1.402,3957.6298828125,3934.43994140625
2022-11-30,1.391,4080.110107421875,3964.719970703125
2022-12-01,1.4,4076.570068359375,3984.5
2022-12-05,1.398,3998.840087890625,3956.530029296875
2022-12-06,1.406,3941.260009765625,3939.18994140625
2022-12-07,1.399,3933.919921875,3920.89990234375
2022-12-08,1.4,3963.510009765625,3921.27001953125
2022-12-12,1.4,3990.56005859375,3921.820068359375
2022-12-13,1.4,4019.64990234375,3986.830078125
2022-12-14,1.402,3995.320068359375,3975.260009765625
2022-12-15,1.403,3895.75,3835.699951171875
2022-12-19,1.403,3817.659912109375,3811.239990234375
2022-12-20,1.403,3821.6201171875,3802.489990234375
2022-12-21,1.902,3878.43994140625,3872.14990234375
2022-12-22,1.904,3822.389892578125,3823.2900390625
2022-12-27,1.906,3829.25,3832.889892578125
2022-12-28,1.906,3783.219970703125,3808.820068359375
2022-12-29,1.905,3849.280029296875,3850.070068359375
2023-01-03,1.904,3824.139892578125,3882.2900390625
2023-01-04,1.904,3852.969970703125,3973.969970703125
2023-01-05,1.9,3808.10009765625,3959.47998046875
2023-01-09,1.9,3892.090087890625,4068.6201171875
2023-01-10,1.9,3919.25,4057.4599609375
2023-01-11,1.9,3969.610107421875,4099.759765625
2023-01-12,1.9,3983.169921875,4126.68017578125
2023-01-17,1.901,3990.969970703125,4174.330078125
2023-01-18,1.902,3928.860107421875,4174.33984375
2023-01-19,1.903,3898.85009765625,4094.280029296875
2023-01-23,1.902,4019.81005859375,4150.81982421875
2023-01-24,1.904,4016.949951171875,4153.02001953125
2023-01-25,1.904,4016.219970703125,4148.10986328125
2023-01-26,1.904,4060.429931640625,4173.97998046875
2023-01-30,1.904,4017.77001953125,4158.6298828125
2023-01-31,1.894,4076.60009765625,4163.4501953125
2023-02-01,1.901,4119.2099609375,4171.43994140625
2023-02-02,1.902,4179.759765625,4241.1201171875
2023-02-06,1.901,4111.080078125,4205.4501953125
2023-02-07,1.902,4164.0,4209.31005859375
2023-02-08,2.401,4117.85986328125,4209.14990234375
2023-02-09,2.401,4081.5,4250.14013671875
2023-02-13,2.4,4137.2900390625,4241.35986328125
2023-02-14,2.4,4136.1298828125,4238.759765625
2023-02-15,2.405,4147.60009765625,4280.0400390625
2023-02-16,2.4,4090.409912109375,4297.240234375
2023-02-21,2.398,3997.340087890625,4250.39990234375
2023-02-22,2.399,3991.050048828125,4242.8798828125
2023-02-23,2.399,4012.320068359375,4258.16015625
2023-02-27,2.398,3982.239990234375,4248.009765625
2023-02-28,2.388,3970.14990234375,4238.3798828125
2023-03-01,2.398,3951.389892578125,4215.75
2023-03-02,2.399,3981.35009765625,4240.58984375
2023-03-06,2.399,4048.419921875,4313.77978515625
2023-03-07,2.398,3986.3701171875,4278.9599609375
2023-03-08,2.399,3992.010009765625,4288.4501953125
2023-03-09,2.401,3918.320068359375,4286.1201171875
2023-03-14,2.401,3919.2900390625,4179.47021484375
2023-03-15,2.4,3891.929931640625,4034.919921875
2023-03-16,2.399,3960.280029296875,4116.97998046875
2023-03-20,2.398,3951.570068359375,4119.419921875
2023-03-21,2.399,4002.8701171875,4181.60009765625
2023-03-22,2.898,3936.969970703125,4195.7001953125
2023-03-23,2.899,3948.719970703125,4207.14013671875
2023-03-27,2.898,3977.530029296875,4164.6201171875
2023-03-28,2.894,3971.27001953125,4168.2099609375
2023-03-29,2.894,4027.81005859375,4231.27001953125
2023-03-30,2.896,4050.830078125,4285.419921875
2023-04-03,2.898,4124.509765625,4311.0498046875
2023-04-04,2.898,4100.60009765625,4315.31982421875
2023-04-05,2.902,4090.3798828125,4298.35986328125
2023-04-11,2.897,4108.93994140625,4333.2900390625
2023-04-12,2.898,4091.949951171875,4334.02978515625
2023-04-13,2.899,4146.22021484375,4363.240234375
2023-04-17,2.897,4151.31982421875,4367.60986328125
2023-04-18,2.901,4154.8701171875,4393.9501953125
2023-04-19,2.902,4154.52001953125,4393.56982421875
2023-04-20,2.904,4129.7900390625,4384.85986328125
2023-04-24,2.905,4137.0400390625,4401.7998046875
2023-04-25,2.901,4071.6298828125,4377.85009765625
2023-04-26,2.9,4055.989990234375,4347.7099609375
2023-04-27,2.9,4135.35009765625,4358.0498046875
2023-05-02,2.896,4119.580078125,4294.85009765625
2023-05-03,2.896,4090.75,4310.18017578125
2023-05-04,2.897,4061.219970703125,4287.02978515625
2023-05-08,2.892,4138.1201171875,4348.64990234375
2023-05-09,2.894,4119.169921875,4323.08984375
2023-05-10,3.145,4137.64013671875,4306.759765625
2023-05-11,3.145,4130.6201171875,4309.75
2023-05-15,3.145,4136.27978515625,4316.41015625
2023-05-16,3.147,4109.89990234375,4315.509765625
2023-05-17,3.151,4158.77001953125,4323.22998046875
2023-05-22,3.15,4192.6298828125,4385.6298828125
2023-05-23,3.157,4145.580078125,4342.3798828125
2023-05-24,3.148,4115.240234375,4263.740234375
2023-05-25,3.148,4151.27978515625,4269.64013671875
2023-05-30,3.148,4205.52001953125,4291.580078125
2023-05-31,3.144,4179.830078125,4218.0400390625
2023-06-01,3.147,4221.02001953125,4257.60986328125
2023-06-05,3.148,4273.7900390625,4293.240234375
2023-06-06,3.145,4283.85009765625,4295.22021484375
2023-06-07,3.144,4267.52001953125,4291.91015625
2023-06-08,3.146,4293.93017578125,4297.68017578125
2023-06-12,3.147,4338.93017578125,4316.490234375
2023-06-13,3.147,4369.009765625,4347.5498046875
2023-06-14,3.15,4372.58984375,4375.97998046875
2023-06-15,3.147,4425.83984375,4365.1201171875
2023-06-20,3.144,4388.7099609375,4343.14013671875
2023-06-21,3.395,4365.68994140625,4322.75
2023-06-22,3.397,4381.89013671875,4304.47021484375
2023-06-26,3.4,4328.81982421875,4280.56982421875
2023-06-27,3.397,4378.41015625,4305.259765625
2023-06-28,3.4,4376.85986328125,4344.75
2023-06-29,3.4,4396.43994140625,4354.68994140625
2023-07-03,3.399,4455.58984375,4398.14990234375
2023-07-05,3.404,4446.81982421875,4350.7099609375
2023-07-06,3.406,4411.58984375,4223.08984375
2023-07-10,3.402,4409.52978515625,4256.509765625
2023-07-11,3.404,4439.259765625,4286.56005859375
2023-07-12,3.404,4472.16015625,4360.4599609375
2023-07-13,3.401,4510.0400390625,4391.759765625
2023-07-17,3.4,4522.7900390625,4356.7900390625
2023-07-18,3.399,4554.97998046875,4369.72998046875
2023-07-19,3.4,4565.72021484375,4362.27978515625
2023-07-20,3.403,4534.8701171875,4373.72998046875
2023-07-24,3.405,4554.64013671875,4383.02978515625
2023-07-25,3.405,4567.4599609375,4391.2998046875
2023-07-26,3.402,4566.75,4346.14990234375
2023-07-27,3.403,4537.41015625,4447.43994140625
2023-07-31,3.392,4588.9599609375,4471.31005859375
2023-08-02,3.655,4513.39013671875,4336.5
2023-08-03,3.653,4501.89013671875,4304.6298828125
2023-08-07,3.653,4518.43994140625,4337.5
2023-08-08,3.652,4499.3798828125,4288.85009765625
2023-08-09,3.649,4467.7099609375,4317.330078125
2023-08-10,3.652,4468.830078125,4384.0400390625
2023-08-14,3.656,4489.72021484375,4330.22998046875
2023-08-15,3.657,4437.85986328125,4288.56982421875
2023-08-16,3.654,4404.330078125,4284.27001953125
2023-08-17,3.654,4370.35986328125,4227.830078125
2023-08-21,3.654,4399.77001953125,4224.8701171875
2023-08-22,3.655,4387.5498046875,4260.3701171875
2023-08-23,3.652,4436.009765625,4266.669921875
2023-08-24,3.649,4376.31005859375,4232.22021484375
2023-08-28,3.651,4433.31005859375,4293.68994140625
2023-08-29,3.652,4497.6298828125,4326.47021484375
2023-08-30,3.652,4514.8701171875,4315.31005859375
2023-08-31,3.646,4507.66015625,4297.10986328125
2023-09-05,3.651,4496.830078125,4269.16015625
2023-09-06,3.652,4465.47998046875,4238.259765625
2023-09-07,3.652,4451.14013671875,4221.02001953125
2023-09-11,3.652,4487.4599609375,4254.330078125
2023-09-12,3.654,4461.89990234375,4242.27001953125
2023-09-13,3.652,4467.43994140625,4223.47998046875
2023-09-14,3.653,4505.10009765625,4279.75
2023-09-18,3.648,4453.52978515625,4245.8798828125
2023-09-19,3.651,4443.9501953125,4242.7001953125
2023-09-20,3.901,4402.2001953125,4275.97998046875
2023-09-21,3.902,4330.0,4212.58984375
2023-09-25,3.904,4337.43994140625,4167.3701171875
2023-09-26,3.904,4273.52978515625,4129.18017578125
2023-09-27,3.905,4274.509765625,4131.68017578125
2023-09-28,3.906,4299.7001953125,4161.56005859375
2023-10-02,3.899,4288.39013671875,4137.6298828125
2023-10-03,3.9,4229.4501953125,4095.590087890625
2023-10-04,3.901,4263.75,4099.85009765625
2023-10-05,3.9,4258.18994140625,4099.81005859375
2023-10-09,3.9,4335.66015625,4112.56982421875
2023-10-10,3.899,4358.240234375,4205.22998046875
2023-10-11,3.901,4376.9501953125,4200.7998046875
2023-10-12,3.901,4349.60986328125,4198.22998046875
2023-10-16,3.902,4373.6298828125,4149.85986328125
2023-10-17,3.904,4373.2001953125,4152.31982421875
2023-10-18,3.903,4314.60009765625,4105.85986328125
2023-10-19,3.905,4278.0,4090.330078125
2023-10-23,3.905,4217.0400390625,4041.75
2023-10-24,3.904,4247.68017578125,4065.3701171875
2023-10-25,3.9,4186.77001953125,4073.35009765625
2023-10-26,3.901,4137.22998046875,4049.39990234375
2023-10-30,3.899,4166.81982421875,4028.320068359375
2023-10-31,3.882,4193.7998046875,4061.1201171875
2023-11-01,3.9,4237.85986328125,4091.7099609375
2023-11-02,3.903,4317.77978515625,4169.6201171875
2023-11-06,3.9,4365.97998046875,4158.64013671875
2023-11-07,3.902,4378.3798828125,4153.3701171875
2023-11-08,3.902,4382.77978515625,4178.490234375
2023-11-09,3.902,4347.35009765625,4229.2001953125
2023-11-13,3.903,4411.5498046875,4232.18994140625
2023-11-14,3.902,4495.7001953125,4291.72021484375
2023-11-15,3.899,4502.8798828125,4315.52978515625
2023-11-16,3.906,4508.240234375,4302.4501953125
2023-11-20,3.903,4547.3798828125,4342.41015625
2023-11-21,3.901,4538.18994140625,4331.89990234375
2023-11-22,3.902,4556.6201171875,4352.02001953125
2023-11-27,3.903,4550.43017578125,4354.41015625
2023-11-28,3.903,4554.89013671875,4348.02001953125
2023-11-29,3.902,4550.580078125,4370.52978515625
2023-11-30,3.891,4567.7998046875,4382.47021484375
2023-12-04,3.904,4569.77978515625,4414.9501953125
2023-12-05,3.905,4567.18017578125,4452.77001953125
2023-12-06,3.904,4549.33984375,4483.259765625
2023-12-07,3.903,4585.58984375,4473.77001953125
2023-12-11,3.902,4622.43994140625,4540.18994140625
2023-12-12,3.905,4643.7001953125,4536.60986328125
2023-12-13,3.905,4707.08984375,4530.18994140625
2023-12-14,3.907,4719.5498046875,4539.16015625
2023-12-18,3.901,4740.56005859375,4521.1298828125
2023-12-19,3.901,4768.3701171875,4535.39990234375
2023-12-20,3.901,4698.35009765625,4533.81982421875
2023-12-21,3.899,4746.75,4524.85986328125
2023-12-27,3.9,4781.580078125,4528.3798828125
2023-12-28,3.9,4783.35009765625,4514.3798828125
2024-01-03,3.904,4704.81005859375,4448.1298828125
2024-01-04,3.902,4688.68017578125,4474.009765625
2024-01-08,3.904,4763.5400390625,4485.47998046875
2024-01-09,3.904,4756.5,4467.169921875
2024-01-10,3.906,4783.4501953125,4468.97998046875
2024-01-16,3.905,4765.97998046875,4446.509765625
2024-01-17,3.904,4739.2099609375,4403.080078125
2024-01-18,3.907,4780.93994140625,4453.0498046875
2024-01-22,3.902,4850.43017578125,4480.31982421875
2024-01-23,3.902,4864.60009765625,4465.91015625
2024-01-24,3.905,4868.5498046875,4564.10986328125
2024-01-25,3.905,4894.16015625,4582.259765625
2024-01-29,3.907,4927.93017578125,4639.35986328125
2024-01-30,3.907,4924.97021484375,4662.7001953125
2024-01-31,3.894,4845.64990234375,4648.39990234375
2024-02-01,3.905,4906.18994140625,4638.60009765625
2024-02-05,3.907,4942.81005859375,4655.27001953125
2024-02-06,3.908,4954.22998046875,4690.8701171875
2024-02-07,3.908,4995.06005859375,4678.85009765625
2024-02-08,3.908,4997.91015625,4710.77978515625
2024-02-12,3.909,5021.83984375,4746.35009765625
2024-02-13,3.909,4953.169921875,4689.27978515625
2024-02-14,3.911,5000.6201171875,4709.22021484375
2024-02-15,3.911,5029.72998046875,4743.169921875
