date,MONTAIRE,ETF_GROWTH,ETF_VALUE,ETF_CAC,ETF_SPX
2016-06-01,100.166,107.0,119.94,45.205,32.067
2016-06-02,100.165,107.52,120.47,45.225,32.182
2016-06-03,100.165,106.42,119.83,44.805,31.623
2016-06-06,100.163,106.28,121.56,44.95,31.803
2016-06-07,100.163,106.98,122.23,45.445,31.976
2016-06-08,100.162,106.28,122.37,45.195,31.809
2016-06-09,100.162,105.74,121.35,44.76,31.897
2016-06-10,100.161,103.62,119.51,43.725,31.926
2016-06-13,100.16,102.13,118.38,42.97,31.733
2016-06-14,100.16,101.07,117.03,41.97,31.617
2016-06-15,100.159,101.42,117.19,42.39,31.691
2016-06-16,100.159,101.04,116.96,42.19,31.692
2016-06-17,100.158,101.44,117.95,42.665,31.463
2016-06-20,100.157,103.66,119.4,44.155,31.759
2016-06-21,100.156,103.96,119.9,44.47,31.753
2016-06-22,100.156,104.07,119.51,44.605,31.833
2016-06-23,100.156,104.07,119.51,44.605,31.833
2016-06-24,100.155,99.59,115.32,41.915,31.709
2016-06-27,100.153,96.33,110.3,40.62,31.164
2016-06-28,100.153,98.43,113.59,41.66,31.339
2016-06-29,100.152,100.38,116.47,42.735,31.862
2016-06-30,100.151,101.17,118.24,43.12,32.163
2016-07-01,100.151,101.78,118.37,43.49,32.386
2016-07-04,100.151,101.78,118.37,43.49,32.386
2016-07-05,100.149,99.91,115.18,42.34,32.298
2016-07-06,100.148,99.25,115.93,40.11,32.336
2016-07-07,100.148,99.74,116.48,40.435,32.563
2016-07-08,100.147,101.19,118.89,41.16,32.996
2016-07-11,100.145,102.59,119.77,41.875,33.28
2016-07-12,100.145,103.61,122.4,42.525,33.39
2016-07-13,100.144,103.53,122.21,42.575,33.189
2016-07-14,100.144,103.53,122.21,42.575,33.189
2016-07-15,100.143,103.95,123.45,42.89,33.522
2016-07-18,100.141,104.3,123.87,42.75,33.557
2016-07-19,100.14,104.03,122.97,42.475,33.719
2016-07-20,100.14,105.0,123.94,42.955,33.934
2016-07-21,100.139,104.58,123.74,42.94,33.883
2016-07-22,100.139,104.83,123.81,42.94,33.923
2016-07-25,100.137,105.38,123.87,43.015,33.861
2016-07-26,100.136,105.33,125.49,43.095,33.808
2016-07-27,100.136,105.81,125.05,43.595,33.834
2016-07-28,100.135,105.21,124.43,43.38,33.457
2016-07-29,100.134,105.39,124.58,43.54,33.432
2016-08-01,100.133,105.24,123.3,43.215,33.44
2016-08-02,100.132,103.8,121.72,42.425,32.928
2016-08-03,100.131,103.88,123.31,42.375,33.178
2016-08-04,100.131,104.52,122.41,42.63,33.406
2016-08-05,100.13,105.83,125.05,43.26,33.845
2016-08-08,100.128,105.65,125.32,43.28,33.85
2016-08-09,100.127,106.41,125.1,43.805,33.818
2016-08-10,100.127,106.09,124.31,43.65,33.45
2016-08-11,100.126,106.92,125.72,44.17,33.645
2016-08-12,100.125,106.8,125.3,44.135,33.621
2016-08-15,100.125,106.8,125.3,44.135,33.621
2016-08-16,100.123,106.04,126.72,43.74,33.256
2016-08-17,100.122,105.39,127.0,43.315,33.113
2016-08-18,100.122,105.73,128.16,43.51,33.156
2016-08-19,100.121,105.3,127.82,43.175,33.141
2016-08-22,100.119,105.47,127.32,43.05,33.103
2016-08-23,100.118,106.18,128.47,43.39,33.275
2016-08-24,100.118,106.22,127.22,43.52,33.368
2016-08-25,100.117,105.58,127.61,43.24,33.205
2016-08-26,100.116,105.99,127.67,43.59,33.361
2016-08-29,100.115,106.11,128.82,43.415,33.564
2016-08-30,100.114,106.59,129.16,43.745,33.557
2016-08-31,100.113,106.23,128.21,43.56,33.452
2016-09-01,100.113,106.36,127.95,43.555,33.213
2016-09-02,100.112,107.4,128.86,44.555,33.593
2016-09-05,100.112,107.4,128.86,44.555,33.593
2016-09-06,100.11,107.05,129.12,44.405,33.407
2016-09-07,100.109,107.48,129.44,44.675,33.4
2016-09-08,100.109,107.27,129.84,44.545,33.342
2016-09-09,100.108,106.04,126.59,44.045,33.075
2016-09-12,100.107,105.84,127.99,43.54,32.767
2016-09-13,100.106,105.14,125.64,43.025,32.542
2016-09-14,100.106,105.32,125.13,42.85,32.562
2016-09-15,100.105,106.0,126.51,42.895,32.844
2016-09-16,100.105,106.13,125.59,42.485,32.94
2016-09-19,100.103,106.69,125.69,43.1,33.116
2016-09-20,100.103,106.82,125.29,43.03,33.044
2016-09-21,100.102,107.63,127.25,43.22,33.143
2016-09-22,100.102,108.82,127.99,44.21,33.336
2016-09-23,100.101,107.99,127.19,44.02,33.33
2016-09-26,100.1,106.57,125.33,43.235,32.832
2016-09-27,100.099,106.9,125.82,43.185,33.15
2016-09-28,100.099,107.41,127.61,43.53,33.118
2016-09-29,100.098,106.58,127.16,43.645,33.196
2016-09-30,100.097,106.85,128.76,43.695,33.254
2016-10-03,100.096,106.9,128.43,43.715,33.164
2016-10-04,100.095,107.42,127.93,44.22,33.361
2016-10-05,100.094,107.19,129.32,44.09,33.223
2016-10-06,100.094,107.15,129.44,44.02,33.224
2016-10-07,100.093,106.36,128.77,43.71,33.248
2016-10-10,100.093,106.36,128.77,43.71,33.248
2016-10-11,100.091,106.76,127.8,43.935,33.363
2016-10-12,100.09,106.41,127.32,43.76,33.511
2016-10-13,100.09,105.45,126.42,43.31,33.197
2016-10-14,100.089,106.24,126.17,43.945,33.547
2016-10-17,100.087,106.0,125.69,43.75,33.397
2016-10-18,100.087,107.48,126.88,44.31,33.582
2016-10-19,100.086,107.99,127.93,44.41,33.729
2016-10-20,100.085,108.1,128.07,44.61,33.742
2016-10-21,100.085,108.3,127.72,44.58,33.897
2016-10-24,100.083,108.73,128.03,44.755,34.079
2016-10-25,100.082,108.24,127.22,44.605,33.982
2016-10-26,100.082,107.56,127.63,44.55,33.874
2016-10-27,100.081,107.27,127.43,44.545,33.748
2016-10-28,100.08,106.84,126.72,44.67,33.737
2016-10-31,100.078,106.28,126.25,44.315,33.538
2016-11-01,100.078,106.28,126.25,44.315,33.538
2016-11-02,100.077,103.65,124.59,43.38,32.642
2016-11-03,100.076,103.75,124.25,43.375,32.541
2016-11-04,100.076,102.94,124.17,43.05,32.534
2016-11-07,100.074,104.9,126.91,43.875,33.228
2016-11-08,100.073,105.16,127.04,44.055,33.425
2016-11-09,100.073,107.33,130.83,44.705,34.0
2016-11-10,100.072,107.19,133.48,44.54,34.304
2016-11-11,100.072,107.19,133.48,44.54,34.304
2016-11-14,100.069,106.24,134.76,44.32,34.798
2016-11-15,100.069,106.72,136.02,44.585,34.934
2016-11-16,100.068,106.37,134.52,44.245,35.191
2016-11-17,100.068,107.0,135.32,44.55,35.365
2016-11-18,100.067,106.93,135.13,44.33,35.586
2016-11-21,100.065,107.47,136.49,44.55,35.703
2016-11-22,100.064,107.63,136.75,44.77,35.721
2016-11-23,100.064,107.49,137.64,44.62,35.943
2016-11-24,100.064,107.49,137.64,44.62,35.943
2016-11-25,100.063,107.73,137.64,44.81,36.025
2016-11-28,100.061,106.91,136.13,44.43,35.994
2016-11-29,100.06,107.37,135.27,44.885,35.981
2016-11-30,100.059,108.13,138.1,45.1,36.11
2016-12-01,100.05,107.6,137.76,44.9,35.745
2016-12-02,100.058,106.91,137.78,44.575,35.568
2016-12-05,100.056,107.66,138.72,45.04,35.549
2016-12-06,100.055,108.71,139.35,45.64,35.498
2016-12-07,100.055,109.48,140.66,46.245,35.617
2016-12-08,100.054,110.98,141.33,46.65,36.516
2016-12-09,100.053,111.55,141.79,46.905,36.901
2016-12-12,100.051,111.07,140.94,46.895,36.888
2016-12-13,100.051,112.0,141.57,47.295,36.828
2016-12-14,100.05,111.15,140.04,46.78,36.791
2016-12-15,100.049,112.71,140.72,47.255,37.723
2016-12-16,100.049,113.16,139.94,47.4,37.455
2016-12-19,100.047,112.72,140.05,47.325,37.469
2016-12-20,100.046,113.2,140.62,47.58,37.822
2016-12-21,100.045,113.01,140.75,47.465,37.635
2016-12-22,100.044,112.67,140.47,47.485,37.364
2016-12-23,100.044,112.97,140.73,47.565,37.432
2016-12-26,100.044,112.97,140.73,47.565,37.432
2016-12-27,100.041,113.21,141.19,47.655,37.571
2016-12-28,100.04,113.11,139.62,47.7,37.67
2016-12-29,100.04,112.73,139.2,47.595,37.102
2016-12-30,100.039,112.7,138.86,47.69,36.844
2017-01-02,100.039,112.7,138.86,47.69,36.844
2017-01-03,100.036,114.41,141.04,48.165,37.412
2017-01-04,100.036,114.41,142.71,48.175,37.401
2017-01-05,100.035,114.37,141.89,48.17,36.96
2017-01-06,100.034,114.72,141.49,48.275,37.283
2017-01-09,100.032,114.3,140.76,48.05,37.218
2017-01-10,100.031,114.23,141.64,48.025,37.239
2017-01-11,100.03,114.16,142.18,48.1,37.327
2017-01-12,100.029,113.28,141.77,47.835,36.68
2017-01-13,100.028,114.12,141.97,48.365,37.144
2017-01-16,100.028,114.12,141.97,48.365,37.144
2017-01-17,100.025,113.06,140.7,47.745,36.658
2017-01-18,100.025,113.03,140.99,47.69,36.794
2017-01-19,100.024,113.66,139.93,47.54,36.958
2017-01-20,100.023,113.7,140.28,47.63,36.907
2017-01-23,100.021,112.98,139.38,47.325,36.485
2017-01-24,100.02,113.31,142.0,47.41,36.618
2017-01-25,100.019,114.56,143.41,47.88,36.976
2017-01-26,100.018,114.47,142.52,47.8,37.342
2017-01-27,100.017,114.34,141.87,47.565,37.182
2017-01-30,100.015,113.11,140.51,47.005,36.787
2017-01-31,100.014,112.68,140.86,46.665,36.385
2017-02-01,100.013,113.34,141.16,47.075,36.682
2017-02-02,100.013,113.47,140.78,47.075,36.589
2017-02-03,100.012,114.16,142.31,47.38,36.887
2017-02-06,100.009,113.28,141.55,46.935,37.04
2017-02-07,100.009,113.0,140.72,46.72,37.219
2017-02-08,100.008,113.04,140.41,46.815,37.155
2017-02-09,100.007,113.91,141.72,47.505,37.537
2017-02-10,100.006,114.33,142.46,47.525,37.665
2017-02-13,100.004,115.23,143.45,48.075,38.055
2017-02-14,100.003,115.59,144.18,48.18,38.174
2017-02-15,100.002,116.05,144.79,48.45,38.382
2017-02-16,100.001,115.68,144.04,48.165,38.116
2017-02-17,100.001,115.23,143.62,47.79,38.247
2017-02-20,100.001,115.23,143.62,47.79,38.247
2017-02-21,99.997,116.26,144.95,48.03,38.837
2017-02-22,99.997,116.07,143.8,48.15,38.889
2017-02-23,99.996,115.84,143.65,48.075,38.715
2017-02-24,99.995,114.95,142.96,47.64,38.681
2017-02-27,99.993,115.23,143.51,47.625,38.687
2017-02-28,99.992,115.64,142.8,47.755,38.707
2017-03-01,99.991,117.72,145.18,48.855,39.337
2017-03-02,99.99,117.47,143.61,48.845,39.339
2017-03-03,99.99,117.95,143.89,49.145,39.137
2017-03-06,99.987,117.43,142.67,48.91,38.864
2017-03-07,99.987,117.08,141.53,48.735,38.907
2017-03-08,99.986,117.09,140.26,48.84,39.003
2017-03-09,99.985,117.66,140.38,49.065,38.838
2017-03-10,99.984,117.64,140.78,49.165,38.606
2017-03-13,99.982,117.77,140.65,49.23,38.614
2017-03-14,99.981,117.3,139.61,48.965,38.569
2017-03-15,99.981,117.46,141.25,49.1,38.819
2017-03-16,99.98,117.87,141.27,49.395,38.547
2017-03-17,99.979,117.9,140.92,49.53,38.516
2017-03-20,99.977,117.73,140.29,49.42,38.432
2017-03-21,99.976,117.02,137.86,49.325,37.857
2017-03-22,99.975,116.61,137.91,49.245,37.74
2017-03-23,99.974,117.44,137.76,49.645,38.011
2017-03-24,99.973,117.3,137.86,49.505,37.796
2017-03-27,99.971,116.96,137.9,49.47,37.343
2017-03-28,99.97,117.89,139.57,49.76,37.639
2017-03-29,99.969,118.14,140.43,49.955,38.115
2017-03-30,99.969,118.54,140.95,50.15,38.396
2017-03-31,99.968,119.01,140.55,50.37,38.483
2017-04-03,99.965,118.36,139.9,50.03,38.339
2017-04-04,99.964,118.57,140.21,50.19,38.418
2017-04-05,99.964,118.64,139.37,50.15,38.684
2017-04-06,99.963,118.98,140.46,50.41,38.544
2017-04-07,99.962,119.33,140.22,50.52,38.615
2017-04-10,99.96,119.02,140.92,50.28,38.671
2017-04-11,99.959,118.88,140.73,50.23,38.336
2017-04-12,99.958,118.66,139.12,50.21,38.438
2017-04-13,99.957,118.12,137.47,49.92,38.41
2017-04-14,99.957,118.12,137.47,49.92,38.41
2017-04-17,99.957,118.12,137.47,49.92,38.41
2017-04-18,99.953,116.84,137.66,49.12,38.041
2017-04-19,99.952,117.45,136.96,49.27,38.167
2017-04-20,99.951,118.21,137.75,50.06,37.941
2017-04-21,99.951,118.2,136.9,49.965,38.237
2017-04-24,99.948,121.77,138.79,52.075,37.978
2017-04-25,99.947,121.97,140.51,52.17,37.997
2017-04-26,99.946,122.71,140.72,52.195,38.368
2017-04-27,99.946,122.59,140.1,51.99,38.211
2017-04-28,99.945,122.6,139.44,52.0,38.066
2017-05-01,99.945,122.6,139.44,52.0,38.066
2017-05-02,99.942,123.64,139.47,52.41,38.095
2017-05-03,99.941,123.62,138.48,52.365,38.005
2017-05-04,99.94,124.63,137.95,53.195,38.005
2017-05-05,99.939,125.78,138.67,53.79,37.866
2017-05-08,99.939,125.78,138.67,53.79,37.866
2017-05-09,99.936,125.35,138.37,53.56,38.381
2017-05-10,99.935,125.59,139.03,53.535,38.413
2017-05-11,99.934,124.84,138.76,53.355,38.257
2017-05-12,99.933,125.08,137.85,53.6,38.12
2017-05-15,99.931,125.47,138.82,53.77,38.119
2017-05-16,99.93,125.37,138.54,53.86,37.743
2017-05-17,99.929,123.2,135.62,52.98,37.075
2017-05-18,99.928,122.99,134.94,52.74,37.07
2017-05-19,99.927,123.79,136.44,53.04,37.095
2017-05-22,99.925,123.59,136.37,53.06,37.089
2017-05-23,99.924,124.13,137.2,53.26,37.191
2017-05-24,99.923,124.41,137.36,53.295,37.439
2017-05-25,99.923,124.41,137.36,53.295,37.439
2017-05-26,99.922,124.25,136.62,53.22,37.664
2017-05-29,99.922,124.25,136.62,53.22,37.664
2017-05-30,99.918,124.15,135.75,53.15,37.599
2017-05-31,99.918,124.15,135.75,53.15,37.599
2017-06-01,99.916,125.26,136.79,53.35,37.576
2017-06-02,99.916,125.65,136.34,53.595,37.617
2017-06-05,99.916,125.65,136.34,53.595,37.617
2017-06-06,99.912,124.52,135.91,52.93,37.645
2017-06-07,99.911,124.55,134.85,52.925,37.655
2017-06-08,99.91,125.05,135.83,52.915,37.825
2017-06-09,99.909,125.7,137.28,53.24,38.107
2017-06-12,99.907,124.25,137.63,52.725,37.787
2017-06-13,99.906,125.16,138.33,52.94,37.9
2017-06-14,99.905,124.71,137.54,52.76,37.699
2017-06-15,99.904,124.23,136.78,52.49,38.006
2017-06-16,99.903,124.9,137.25,52.955,37.84
2017-06-19,99.9,126.0,138.21,53.45,38.267
2017-06-20,99.899,125.58,137.05,53.26,38.349
2017-06-21,99.898,125.4,136.16,53.12,38.146
2017-06-22,99.897,125.31,136.74,53.21,38.174
2017-06-23,99.897,125.31,136.74,53.21,38.174
2017-06-26,99.893,125.49,137.52,53.34,38.006
2017-06-27,99.892,124.71,136.97,52.97,37.673
2017-06-28,99.891,124.79,138.51,52.9,37.466
2017-06-29,99.89,123.36,138.61,51.965,37.031
2017-06-30,99.889,123.32,138.84,51.6,37.085
2017-07-03,99.886,124.52,140.54,52.39,37.456
2017-07-04,99.886,124.52,140.54,52.39,37.456
2017-07-05,99.884,124.26,139.69,52.24,37.423
2017-07-06,99.883,123.55,137.83,51.95,37.073
2017-07-07,99.883,123.55,137.83,51.95,37.073
2017-07-10,99.883,123.55,137.83,51.95,37.073
2017-07-11,99.878,123.79,138.61,51.75,36.971
2017-07-12,99.877,124.77,139.25,51.255,37.381
2017-07-13,99.877,124.77,139.25,51.255,37.381
2017-07-14,99.877,124.77,139.25,51.255,37.381
2017-07-17,99.873,124.92,140.49,51.315,37.509
2017-07-18,99.872,123.94,139.92,50.795,37.099
2017-07-19,99.871,124.9,141.31,51.195,37.444
2017-07-20,99.87,124.5,141.31,50.99,37.089
2017-07-21,99.869,123.13,140.82,50.24,37.026
2017-07-24,99.866,123.27,140.41,50.3,37.049
2017-07-25,99.865,124.06,141.92,50.625,37.187
2017-07-26,99.864,124.45,141.11,50.92,37.238
2017-07-27,99.863,123.98,141.17,50.915,37.186
2017-07-28,99.863,123.98,141.17,50.915,37.186
2017-07-31,99.859,122.77,141.4,50.0,36.65
2017-08-01,99.858,123.41,141.36,50.33,36.636
2017-08-02,99.857,122.55,141.37,50.1,36.403
2017-08-03,99.856,122.51,140.38,50.36,36.361
2017-08-04,99.855,123.56,140.59,51.035,36.829
2017-08-07,99.852,123.61,139.89,51.105,36.733
2017-08-08,99.851,123.88,139.9,51.205,37.048
2017-08-09,99.85,122.84,139.28,50.49,36.742
2017-08-10,99.849,121.45,137.48,50.23,36.532
2017-08-11,99.848,120.56,137.13,49.665,36.225
2017-08-14,99.844,121.8,137.8,50.305,36.628
2017-08-15,99.844,121.8,137.8,50.305,36.628
2017-08-16,99.842,123.06,137.63,50.82,36.962
2017-08-17,99.841,121.94,135.42,50.52,36.577
2017-08-18,99.84,121.47,135.34,50.215,36.283
2017-08-21,99.837,120.9,135.1,49.96,35.95
2017-08-22,99.836,121.85,136.22,50.41,36.387
2017-08-23,99.835,121.11,136.46,50.245,36.291
2017-08-24,99.834,121.33,136.75,50.19,36.141
2017-08-25,99.833,121.0,137.11,50.13,36.013
2017-08-28,99.83,120.51,136.85,49.895,35.746
2017-08-29,99.829,119.41,136.47,49.455,35.488
2017-08-30,99.828,120.42,137.1,49.685,36.019
2017-08-31,99.827,121.47,138.21,49.96,36.352
2017-09-01,99.826,122.02,139.01,50.32,36.51
2017-09-04,99.826,122.02,139.01,50.32,36.51
2017-09-05,99.822,121.09,137.3,49.965,36.188
2017-09-06,99.821,120.93,137.95,50.075,36.079
2017-09-07,99.82,121.22,137.73,50.215,35.866
2017-09-08,99.819,121.19,137.4,50.24,35.892
2017-09-11,99.819,121.19,137.4,50.24,35.892
2017-09-12,99.814,123.63,140.46,51.165,36.495
2017-09-13,99.813,123.84,141.03,51.265,36.75
2017-09-14,99.812,124.2,140.96,51.33,36.824
2017-09-15,99.811,123.74,141.1,51.22,36.599
2017-09-18,99.808,124.32,141.53,51.37,36.766
2017-09-19,99.807,124.4,141.42,51.455,36.707
2017-09-20,99.806,124.15,142.46,51.48,36.645
2017-09-21,99.805,124.64,142.55,51.765,36.788
2017-09-22,99.804,124.76,142.77,51.885,36.586
2017-09-25,99.8,124.51,143.35,51.81,36.877
2017-09-26,99.799,124.53,143.95,51.82,37.207
2017-09-27,99.798,125.29,144.67,51.94,37.296
2017-09-28,99.797,125.77,144.13,52.05,37.298
2017-09-29,99.796,126.4,144.39,52.345,37.307
2017-10-02,99.793,127.04,145.63,52.57,37.702
2017-10-03,99.792,127.09,145.83,52.78,37.731
2017-10-04,99.791,126.51,145.79,52.68,37.833
2017-10-05,99.79,126.9,146.52,52.81,38.128
2017-10-06,99.789,126.46,145.83,52.61,38.086
2017-10-09,99.785,126.37,145.42,52.685,38.082
2017-10-10,99.784,126.19,145.65,52.645,37.865
2017-10-11,99.783,126.51,145.66,52.685,37.792
2017-10-12,99.782,126.38,144.59,52.645,37.846
2017-10-13,99.781,126.33,144.76,52.56,37.868
2017-10-16,99.778,126.49,144.83,52.64,37.975
2017-10-17,99.777,126.4,145.24,52.64,38.152
2017-10-18,99.775,126.76,145.09,52.84,38.182
2017-10-19,99.774,126.02,145.55,52.7,37.879
2017-10-20,99.773,126.35,146.43,52.735,38.293
2017-10-23,99.77,126.64,145.41,52.865,38.48
2017-10-24,99.769,126.18,145.37,52.945,38.321
2017-10-25,99.767,125.58,144.11,52.74,37.968
2017-10-26,99.766,126.66,144.02,53.56,38.48
2017-10-27,99.765,126.73,144.02,53.93,39.084
2017-10-30,99.762,126.71,143.6,53.88,38.803
2017-10-31,99.761,126.62,143.66,54.0,38.826
2017-11-01,99.761,126.62,143.66,54.0,38.826
2017-11-02,99.758,126.6,144.97,54.05,38.81
2017-11-03,99.757,126.75,145.24,54.105,39.104
2017-11-06,99.754,126.72,146.57,54.03,39.244
2017-11-07,99.753,126.02,145.35,53.785,39.327
2017-11-08,99.751,125.91,144.92,53.7,39.212
2017-11-09,99.75,124.6,144.81,53.1,38.938
2017-11-10,99.749,124.21,144.31,52.77,38.843
2017-11-13,99.746,123.52,144.13,52.41,38.896
2017-11-14,99.744,122.46,142.86,52.17,38.439
2017-11-15,99.743,122.02,142.28,52.02,38.275
2017-11-16,99.742,122.77,143.25,52.35,38.566
2017-11-17,99.741,122.21,143.9,52.19,38.473
2017-11-20,99.737,122.72,143.72,52.41,38.626
2017-11-21,99.736,123.23,144.15,52.67,38.888
2017-11-22,99.735,122.94,145.08,52.545,38.716
2017-11-23,99.735,122.94,145.08,52.545,38.716
2017-11-24,99.733,123.24,145.16,52.975,38.329
2017-11-27,99.729,122.58,144.17,52.665,38.355
2017-11-28,99.728,123.13,145.98,52.93,38.647
2017-11-29,99.727,123.23,147.21,53.0,38.943
2017-11-30,99.725,123.06,148.25,52.775,39.035
2017-12-01,99.724,122.31,149.03,52.22,38.597
2017-12-04,99.721,123.26,149.77,52.885,39.382
2017-12-05,99.72,122.79,148.76,52.8,39.397
2017-12-06,99.719,122.3,147.87,52.775,39.26
2017-12-07,99.718,122.93,148.45,52.86,39.356
2017-12-08,99.716,124.07,149.63,52.985,39.573
2017-12-11,99.713,123.97,150.56,52.865,39.594
2017-12-12,99.712,124.57,150.73,53.255,40.055
2017-12-13,99.71,124.25,149.91,52.91,39.942
2017-12-14,99.709,123.41,148.71,52.515,39.82
2017-12-15,99.708,123.13,149.26,52.45,40.013
2017-12-18,99.704,124.26,150.43,53.14,40.152
2017-12-19,99.703,124.37,150.22,52.83,40.029
2017-12-20,99.702,123.85,150.71,52.545,39.728
2017-12-21,99.7,124.46,152.32,52.825,39.88
2017-12-22,99.699,124.29,152.14,52.615,39.846
2017-12-25,99.699,124.29,152.14,52.615,39.846
2017-12-26,99.699,124.29,152.14,52.615,39.846
2017-12-27,99.693,124.23,152.6,52.67,39.741
2017-12-28,99.692,124.12,152.87,52.345,39.538
2017-12-29,99.691,123.6,152.12,52.135,39.358
2018-01-01,99.691,123.6,152.12,52.135,39.358
2018-01-02,99.686,123.67,154.33,51.89,39.314
2018-01-03,99.685,124.5,155.09,52.32,39.651
2018-01-04,99.683,125.89,156.28,53.1,39.757
2018-01-05,99.682,126.82,156.37,53.66,40.029
2018-01-08,99.678,127.07,156.46,53.85,40.357
2018-01-09,99.677,127.82,156.83,54.2,40.72
2018-01-10,99.676,127.96,157.18,54.0,40.428
2018-01-11,99.675,128.09,159.56,53.87,40.318
2018-01-12,99.673,128.45,160.61,54.09,40.421
2018-01-15,99.673,128.45,160.61,54.09,40.421
2018-01-16,99.668,128.0,159.74,54.12,40.313
2018-01-17,99.667,127.8,160.62,53.93,40.228
2018-01-18,99.665,128.2,160.59,53.9,40.285
2018-01-19,99.664,129.03,160.96,54.22,40.397
2018-01-22,99.66,129.86,162.85,54.45,40.521
2018-01-23,99.659,129.79,163.56,54.38,40.774
2018-01-24,99.657,129.0,163.83,53.98,40.351
2018-01-25,99.656,128.6,163.59,53.89,40.096
2018-01-26,99.655,129.17,165.48,54.28,40.496
2018-01-29,99.651,129.22,164.74,54.23,40.84
2018-01-30,99.65,127.9,161.81,53.76,40.227
2018-01-31,99.649,127.79,161.04,53.8,40.112
2018-02-01,99.647,127.8,161.68,53.59,39.941
2018-02-02,99.646,126.23,157.7,52.71,39.581
2018-02-05,99.642,124.63,151.62,51.88,39.083
2018-02-06,99.641,122.92,153.9,50.74,37.423
2018-02-07,99.639,124.25,153.67,51.64,38.99
2018-02-08,99.639,124.25,153.67,51.64,38.99
2018-02-09,99.637,121.47,148.9,49.94,37.332
2018-02-12,99.633,122.54,150.86,50.57,37.927
2018-02-13,99.632,121.83,150.72,50.25,37.753
2018-02-14,99.63,123.3,153.45,50.82,38.055
2018-02-15,99.629,123.59,154.41,51.32,38.237
2018-02-16,99.628,124.08,153.85,51.94,38.902
2018-02-19,99.628,124.08,153.85,51.94,38.902
2018-02-20,99.622,124.42,153.08,51.95,39.09
2018-02-21,99.621,124.26,152.22,52.1,39.249
2018-02-22,99.62,123.94,152.16,52.2,39.061
2018-02-23,99.618,124.16,154.58,52.23,39.128
2018-02-26,99.615,124.78,155.6,52.52,39.625
2018-02-27,99.613,124.95,153.47,52.44,39.991
2018-02-28,99.612,124.47,150.67,52.23,39.65
2018-03-01,99.611,123.39,149.24,51.68,39.239
2018-03-02,99.609,121.34,150.14,50.44,38.166
2018-03-05,99.606,121.55,151.87,50.79,38.773
2018-03-06,99.605,122.26,152.13,50.74,38.665
2018-03-07,99.603,122.72,151.66,50.9,38.748
2018-03-08,99.602,123.6,151.29,51.54,39.102
2018-03-09,99.601,124.03,153.71,51.74,39.709
2018-03-12,99.59,124.28,153.55,51.79,39.983
2018-03-13,99.596,123.6,152.96,51.45,39.635
2018-03-14,99.594,123.6,152.18,51.42,39.323
2018-03-15,99.593,124.01,151.44,51.75,39.532
2018-03-16,99.592,124.52,152.1,51.87,39.653
2018-03-19,99.588,123.6,149.92,51.31,38.867
2018-03-20,99.587,123.83,149.91,51.63,39.198
2018-03-21,99.585,123.78,151.59,51.47,39.329
2018-03-22,99.585,123.78,151.59,51.47,39.329
2018-03-23,99.585,123.78,151.59,51.47,39.329
2018-03-26,99.579,120.33,148.65,49.795,37.13
2018-03-27,99.578,120.84,146.82,50.32,37.978
2018-03-28,99.576,120.58,146.5,50.44,37.287
2018-03-29,99.575,121.19,148.47,50.78,37.84
2018-03-30,99.575,121.19,148.47,50.78,37.84
2018-04-02,99.575,121.19,148.47,50.78,37.84
2018-04-03,99.569,120.61,147.02,50.65,37.417
2018-04-04,99.568,120.15,148.07,50.54,37.5
2018-04-05,99.566,122.86,149.69,51.84,38.654
2018-04-06,99.565,121.95,146.65,51.65,37.998
2018-04-09,99.561,122.32,147.32,51.73,37.95
2018-04-10,99.56,123.12,150.5,52.13,38.154
2018-04-11,99.558,122.29,150.41,51.83,37.863
2018-04-12,99.557,123.18,151.5,52.13,38.325
2018-04-13,99.556,123.16,151.48,52.23,38.227
2018-04-16,99.552,122.88,152.47,52.26,38.236
2018-04-17,99.55,123.92,153.32,52.68,38.787
2018-04-18,99.549,124.69,153.9,52.95,38.834
2018-04-19,99.548,125.14,153.67,53.06,38.618
2018-04-20,99.546,125.44,152.96,53.34,38.513
2018-04-23,99.542,126.04,153.55,53.53,38.842
2018-04-24,99.541,125.61,152.73,53.62,38.696
2018-04-25,99.539,124.91,153.05,53.35,38.194
2018-04-26,99.538,125.72,154.24,53.77,38.848
2018-04-27,99.537,126.25,154.88,54.01,39.057
2018-04-30,99.533,126.56,153.35,54.44,39.235
2018-05-01,99.533,126.56,153.35,54.44,39.235
2018-05-02,99.53,127.43,151.68,54.62,39.168
2018-05-03,99.529,126.67,150.88,54.44,38.538
2018-05-04,99.527,127.43,151.91,54.62,39.405
2018-05-07,99.523,128.11,152.31,54.76,39.763
2018-05-08,99.523,128.11,152.31,54.76,39.763
2018-05-09,99.521,128.52,153.97,54.8,40.025
2018-05-10,99.521,128.52,153.97,54.8,40.025
2018-05-11,99.518,128.65,155.65,55.07,40.452
2018-05-14,99.514,128.8,156.49,55.12,40.513
2018-05-15,99.513,128.87,156.31,55.23,40.45
2018-05-16,99.512,128.67,157.13,55.4,40.806
2018-05-17,99.51,129.31,157.91,55.87,40.973
2018-05-18,99.509,128.52,157.03,55.83,40.887
2018-05-21,99.509,128.52,157.03,55.83,40.887
2018-05-22,99.504,128.82,157.2,56.21,41.154
2018-05-23,99.502,127.26,157.17,55.44,41.131
2018-05-24,99.501,126.54,156.08,55.28,41.084
2018-05-25,99.501,126.54,156.08,55.28,41.084
2018-05-28,99.501,126.54,156.08,55.28,41.084
2018-05-29,99.494,123.06,152.97,54.34,41.444
2018-05-30,99.493,123.6,155.85,54.45,41.346
2018-05-31,99.491,123.3,154.5,54.15,41.269
2018-06-01,99.49,124.9,155.55,54.92,41.5
2018-06-04,99.485,124.91,155.34,54.93,41.643
2018-06-05,99.484,124.6,155.47,54.91,41.687
2018-06-06,99.483,125.26,157.36,54.91,41.62
2018-06-07,99.481,125.08,159.02,54.77,41.606
2018-06-08,99.48,124.28,159.56,54.77,41.744
2018-06-11,99.476,125.3,160.15,55.15,41.851
2018-06-12,99.474,125.34,159.77,54.91,41.93
2018-06-13,99.473,125.32,159.45,54.89,42.052
2018-06-14,99.472,126.59,159.18,55.66,42.416
2018-06-15,99.47,125.57,157.43,55.42,42.228
2018-06-18,99.466,124.84,157.96,54.84,42.358
2018-06-19,99.465,123.69,157.74,54.28,42.222
2018-06-20,99.464,123.8,158.68,54.13,42.398
2018-06-21,99.462,122.77,157.38,53.57,42.167
2018-06-22,99.461,123.62,158.74,54.32,42.123
2018-06-25,99.457,121.37,156.34,53.25,41.167
2018-06-26,99.455,121.51,156.63,53.23,41.403
2018-06-27,99.454,122.11,155.98,53.7,41.843
2018-06-28,99.453,120.86,156.75,53.17,41.518
2018-06-29,99.451,121.57,156.66,53.65,41.669
2018-07-02,99.447,120.56,155.97,53.11,41.446
2018-07-03,99.446,120.99,156.14,53.54,41.616
2018-07-04,99.446,120.99,156.14,53.54,41.616
2018-07-05,99.443,121.05,157.29,54.06,41.364
2018-07-06,99.442,121.39,158.89,54.14,41.655
2018-07-09,99.437,122.2,161.41,54.38,42.005
2018-07-10,99.436,122.79,161.9,54.73,42.269
2018-07-11,99.435,121.11,159.67,52.5,42.129
2018-07-12,99.433,121.77,160.61,52.94,42.434
2018-07-13,99.432,121.95,160.36,53.16,42.72
2018-07-16,99.428,122.05,159.56,53.02,42.474
2018-07-17,99.426,122.08,159.69,53.15,42.619
2018-07-18,99.425,122.8,159.85,53.44,43.1
2018-07-19,99.423,122.21,159.22,53.09,43.029
2018-07-20,99.422,121.84,158.89,52.92,42.646
2018-07-23,99.418,121.21,159.01,52.69,42.57
2018-07-24,99.417,123.06,160.2,53.28,42.896
2018-07-25,99.415,122.88,161.05,53.17,43.026
2018-07-26,99.414,123.75,161.77,53.66,43.333
2018-07-27,99.412,123.77,162.19,54.0,43.231
2018-07-30,99.408,123.4,163.4,53.84,42.634
2018-07-31,99.407,123.3,164.01,54.02,42.776
2018-08-01,99.406,122.9,162.37,53.86,42.904
2018-08-02,99.404,122.12,162.57,53.51,43.077
2018-08-03,99.403,122.39,163.59,53.68,43.455
2018-08-06,99.399,122.22,163.69,53.67,43.755
2018-08-07,99.397,122.58,163.95,54.04,43.861
2018-08-08,99.396,122.29,164.5,53.86,43.839
2018-08-09,99.395,122.28,163.39,53.9,43.977
2018-08-10,99.393,120.85,162.37,53.07,44.3
2018-08-13,99.389,120.38,160.74,53.07,44.175
2018-08-14,99.388,120.39,162.13,52.93,44.437
2018-08-15,99.388,120.39,162.13,52.93,44.437
2018-08-16,99.385,119.36,161.0,52.44,44.453
2018-08-17,99.384,119.2,161.88,52.4,44.334
2018-08-20,99.38,119.78,162.79,52.74,44.425
2018-08-21,99.378,120.43,163.72,53.02,44.281
2018-08-22,99.377,120.7,163.96,53.08,44.003
2018-08-23,99.376,120.69,163.14,53.12,43.938
2018-08-24,99.374,121.15,163.72,53.24,44.022
2018-08-27,99.37,121.95,165.42,53.68,44.156
2018-08-28,99.369,121.66,165.12,53.75,44.043
2018-08-29,99.367,121.94,165.88,53.91,44.348
2018-08-30,99.366,121.29,164.92,53.66,44.422
2018-08-31,99.365,120.36,164.45,52.98,44.465
2018-09-03,99.365,120.36,164.45,52.98,44.465
2018-09-04,99.36,119.73,163.24,52.36,44.62
2018-09-05,99.358,118.43,163.62,51.56,44.181
2018-09-06,99.357,117.63,162.52,51.39,44.083
2018-09-07,99.356,117.39,162.34,51.48,44.351
2018-09-10,99.352,117.64,162.14,51.64,44.252
2018-09-11,99.35,117.87,162.34,51.8,44.354
2018-09-12,99.349,118.63,163.37,52.25,44.321
2018-09-13,99.347,118.48,163.7,52.22,44.25
2018-09-14,99.346,119.33,164.2,52.44,44.446
2018-09-17,99.342,119.35,164.26,52.41,44.201
2018-09-18,99.341,119.83,165.33,52.52,44.343
2018-09-19,99.341,119.83,165.33,52.52,44.343
2018-09-20,99.338,120.8,167.73,53.44,44.415
2018-09-21,99.337,121.38,168.2,53.82,44.57
2018-09-24,99.333,120.81,167.46,53.63,44.189
2018-09-25,99.331,121.2,167.19,53.73,44.27
2018-09-26,99.33,121.56,166.34,54.09,44.356
2018-09-27,99.329,121.83,166.6,54.35,44.65
2018-09-28,99.327,120.84,166.74,53.92,44.796
2018-10-01,99.324,121.63,168.13,54.05,45.205
2018-10-02,99.322,120.93,168.28,53.66,45.161
2018-10-03,99.321,121.82,169.05,53.87,45.405
2018-10-04,99.319,120.95,168.12,53.12,44.965
2018-10-05,99.318,119.4,167.28,52.57,44.75
2018-10-08,99.314,118.19,167.61,51.99,44.684
2018-10-09,99.313,118.45,167.28,52.16,44.883
2018-10-10,99.311,116.13,162.34,51.12,43.926
2018-10-11,99.31,113.94,157.63,50.16,42.59
2018-10-12,99.309,114.34,158.99,50.0,42.655
2018-10-15,99.305,114.09,158.48,50.01,42.641
2018-10-16,99.304,116.09,160.96,50.76,43.004
2018-10-17,99.302,115.51,160.04,50.47,43.235
2018-10-18,99.301,114.3,157.86,50.22,43.104
2018-10-19,99.3,112.92,157.38,49.89,43.226
2018-10-22,99.296,111.87,155.44,49.605,42.974
2018-10-23,99.294,109.14,153.45,48.68,42.132
2018-10-24,99.293,107.93,147.53,48.56,42.369
2018-10-25,99.292,109.69,148.82,49.355,42.412
2018-10-26,99.29,108.85,147.05,48.73,41.784
2018-10-29,99.286,109.43,146.06,48.95,41.904
2018-10-30,99.285,109.4,148.27,48.85,41.736
2018-10-31,99.284,111.72,148.84,49.96,42.882
2018-11-01,99.284,111.72,148.84,49.96,42.882
2018-11-02,99.281,112.56,150.67,50.02,42.539
2018-11-05,99.277,111.9,152.91,50.06,42.704
2018-11-06,99.276,111.36,153.96,49.805,42.922
2018-11-07,99.274,112.57,155.8,50.39,43.464
2018-11-08,99.273,111.99,153.59,50.35,43.963
2018-11-09,99.272,111.31,152.71,50.08,43.844
2018-11-12,99.268,110.03,150.17,49.6,43.453
2018-11-13,99.266,110.7,148.95,50.03,43.51
2018-11-14,99.265,110.16,147.96,49.695,42.873
2018-11-15,99.264,109.55,149.64,49.38,42.725
2018-11-16,99.262,109.22,149.53,49.29,42.715
2018-11-19,99.258,108.32,148.78,48.945,42.241
2018-11-20,99.257,106.46,145.28,48.28,41.572
2018-11-21,99.256,107.79,146.74,48.795,41.87
2018-11-22,99.256,107.79,146.74,48.795,41.87
2018-11-23,99.253,106.94,145.04,48.52,41.7
2018-11-26,99.249,108.62,146.99,48.98,41.962
2018-11-27,99.247,108.64,147.06,48.85,42.322
2018-11-28,99.246,108.89,149.46,48.89,42.694
2018-11-29,99.245,109.07,149.07,49.105,42.96
2018-11-30,99.245,109.07,149.07,49.105,42.96
2018-12-03,99.239,109.96,151.71,49.6,43.86
2018-12-04,99.238,108.32,146.69,49.255,43.627
2018-12-05,99.238,108.32,146.69,49.255,43.627
2018-12-06,99.235,103.4,144.59,46.895,41.433
2018-12-07,99.234,103.93,142.37,47.215,41.715
2018-12-10,99.23,102.25,140.53,46.505,40.793
2018-12-11,99.228,103.58,140.11,47.12,41.879
2018-12-12,99.227,105.71,141.22,47.955,42.13
2018-12-13,99.225,105.33,140.38,47.885,41.875
2018-12-14,99.224,104.27,138.16,47.415,41.583
2018-12-17,99.22,102.61,136.11,46.945,40.963
2018-12-18,99.219,101.93,134.87,46.575,40.324
2018-12-19,99.217,102.16,132.78,46.8,40.186
2018-12-20,99.216,100.36,130.71,45.95,38.913
2018-12-21,99.214,100.16,127.51,45.9,38.88
2018-12-24,99.214,100.16,127.51,45.9,38.88
2018-12-25,99.214,100.16,127.51,45.9,38.88
2018-12-26,99.214,100.16,127.51,45.9,38.88
2018-12-27,99.206,98.84,130.75,45.0,38.251
2018-12-28,99.205,100.48,130.3,45.8,38.958
2018-12-31,99.201,101.24,131.32,46.36,39.272
2019-01-01,99.201,101.24,131.32,46.36,39.272
2019-01-02,99.198,100.92,133.02,45.955,39.513
2019-01-03,99.196,99.14,132.3,45.215,38.709
2019-01-04,99.195,102.27,137.43,46.385,39.532
2019-01-07,99.191,102.74,139.1,46.19,39.846
2019-01-08,99.189,103.96,140.28,46.725,39.976
2019-01-09,99.188,105.16,141.6,47.13,40.206
2019-01-10,99.186,105.32,142.08,47.025,40.284
2019-01-11,99.185,105.12,142.51,46.795,40.449
2019-01-14,99.181,104.4,142.38,46.6,40.368
2019-01-15,99.179,104.79,143.45,46.8,40.903
2019-01-16,99.178,105.97,144.08,47.07,41.211
2019-01-17,99.176,106.06,145.47,46.94,41.289
2019-01-18,99.175,108.19,147.32,47.725,42.15
2019-01-21,99.175,108.19,147.32,47.725,42.15
2019-01-22,99.169,107.77,144.88,47.43,41.783
2019-01-23,99.168,107.7,144.75,47.395,41.439
2019-01-24,99.166,108.37,145.12,47.68,41.71
2019-01-25,99.165,109.8,147.05,48.205,41.929
2019-01-28,99.161,108.82,145.71,47.82,41.308
2019-01-29,99.159,108.72,145.37,48.215,41.374
2019-01-30,99.158,109.37,146.49,48.695,41.778
2019-01-31,99.156,108.95,147.13,48.89,42.283
2019-02-01,99.155,109.15,148.0,49.15,42.372
2019-02-04,99.151,109.16,148.16,48.95,42.597
2019-02-05,99.149,110.84,147.74,49.74,42.969
2019-02-06,99.148,110.95,147.49,49.705,43.098
2019-02-07,99.146,107.41,145.02,48.785,42.539
2019-02-08,99.145,106.4,144.48,48.555,42.558
2019-02-11,99.141,107.41,145.14,49.095,43.118
2019-02-12,99.14,108.5,147.25,49.5,43.514
2019-02-13,99.138,109.23,148.08,49.63,43.754
2019-02-14,99.137,109.02,147.8,49.56,43.591
2019-02-15,99.135,110.64,149.91,50.41,44.122
2019-02-18,99.135,110.64,149.91,50.41,44.122
2019-02-19,99.13,110.6,150.73,50.54,44.0
2019-02-20,99.128,111.49,151.69,50.88,44.025
2019-02-21,99.127,110.56,150.35,50.86,43.991
2019-02-22,99.126,111.36,151.01,51.02,44.247
2019-02-25,99.122,112.25,151.31,51.23,44.501
2019-02-26,99.12,112.47,150.36,51.28,44.283
2019-02-27,99.119,111.94,150.05,51.12,44.049
2019-02-28,99.118,112.43,149.21,51.28,44.076
2019-03-01,99.116,113.27,150.64,51.5,44.117
2019-03-04,99.112,113.65,149.61,51.71,44.346
2019-03-05,99.111,114.17,149.03,51.83,44.445
2019-03-06,99.11,113.6,146.95,51.75,44.172
2019-03-07,99.108,112.08,146.07,51.59,44.162
2019-03-08,99.107,110.91,145.46,51.22,43.711
2019-03-11,99.103,112.4,147.38,51.52,44.441
2019-03-12,99.102,112.62,148.29,51.56,44.511
2019-03-13,99.1,113.28,149.75,51.94,44.781
2019-03-14,99.099,114.31,149.45,52.33,44.777
2019-03-15,99.098,115.97,149.99,52.92,44.956
2019-03-18,99.094,116.12,151.13,52.93,44.852
2019-03-19,99.093,116.51,150.89,53.14,45.179
2019-03-20,99.091,115.59,150.11,52.72,44.634
2019-03-21,99.09,115.38,150.97,52.73,45.114
2019-03-22,99.089,112.49,146.92,51.64,44.821
2019-03-25,99.085,112.19,146.53,51.54,44.508
2019-03-26,99.085,112.19,146.53,51.54,44.508
2019-03-27,99.083,112.93,147.38,51.99,44.781
2019-03-28,99.081,113.0,147.6,51.92,44.994
2019-03-29,99.08,113.98,148.27,52.45,45.348
2019-04-01,99.077,115.84,151.06,52.99,45.866
2019-04-02,99.075,116.07,150.32,53.12,46.092
2019-04-03,99.074,117.31,150.13,53.58,46.231
2019-04-04,99.073,117.4,151.47,53.55,46.128
2019-04-05,99.071,118.07,153.16,53.68,46.413
2019-04-08,99.068,117.57,153.52,53.62,46.238
2019-04-09,99.066,116.43,151.84,53.3,46.013
2019-04-10,99.065,116.57,152.73,53.46,46.139
2019-04-11,99.064,117.57,152.79,53.76,46.222
2019-04-12,99.062,118.81,154.24,53.94,46.189
2019-04-15,99.058,118.62,153.67,54.04,46.258
2019-04-16,99.057,119.33,154.31,54.24,46.431
2019-04-17,99.056,120.06,152.67,54.55,46.239
2019-04-18,99.054,120.53,152.22,54.84,46.464
2019-04-19,99.054,120.53,152.22,54.84,46.464
2019-04-22,99.054,120.53,152.22,54.84,46.464
2019-04-23,99.048,120.58,153.34,54.87,47.119
2019-04-24,99.047,120.7,151.98,54.73,47.278
2019-04-25,99.045,119.94,150.44,54.6,47.42
2019-04-26,99.044,119.83,151.17,54.76,47.367
2019-04-29,99.04,120.57,151.85,54.89,47.544
2019-04-30,99.039,120.27,151.71,55.02,47.166
2019-05-01,99.039,120.27,151.71,55.02,47.166
2019-05-02,99.036,119.6,149.12,54.72,46.955
2019-05-03,99.035,120.06,150.85,54.86,47.317
2019-05-06,99.031,118.25,150.51,54.17,47.01
2019-05-07,99.029,116.27,148.67,53.36,46.637
2019-05-08,99.029,116.27,148.67,53.36,46.637
2019-05-09,99.029,116.27,148.67,53.36,46.637
2019-05-10,99.025,114.9,148.54,52.88,45.412
2019-05-13,99.022,112.26,144.55,52.18,45.184
2019-05-14,99.02,114.18,146.03,53.04,45.793
2019-05-15,99.019,114.55,146.28,53.36,45.922
2019-05-16,99.018,116.14,147.6,54.07,46.643
2019-05-17,99.016,115.47,146.45,53.98,46.571
2019-05-20,99.013,113.86,146.39,53.23,46.026
2019-05-21,99.012,115.2,147.83,53.57,46.31
2019-05-22,99.01,115.15,146.15,53.53,46.273
2019-05-23,99.009,112.66,143.39,52.56,45.613
2019-05-24,99.008,113.06,143.54,53.02,45.535
2019-05-27,99.008,113.06,143.54,53.02,45.535
2019-05-28,99.003,112.77,141.77,52.95,45.65
2019-05-29,99.002,110.95,140.92,52.29,45.062
2019-05-30,99.002,110.95,140.92,52.29,45.062
2019-05-31,98.999,110.13,137.37,52.16,44.813
2019-06-03,98.995,110.29,139.28,52.52,44.435
2019-06-04,98.994,111.78,142.53,52.83,44.816
2019-06-05,98.993,111.77,142.09,53.07,45.195
2019-06-06,98.992,111.41,142.86,52.92,45.374
2019-06-07,98.99,112.72,143.3,53.78,45.862
2019-06-10,98.99,112.72,143.3,53.78,45.862
2019-06-11,98.986,114.81,144.14,54.3,46.186
2019-06-12,98.984,113.59,143.17,54.03,46.019
2019-06-13,98.983,114.16,144.1,54.0,46.287
2019-06-14,98.982,113.4,143.24,53.91,46.528
2019-06-17,98.979,113.61,143.88,54.19,46.588
2019-06-18,98.977,116.1,145.54,55.37,47.225
2019-06-19,98.976,116.22,145.54,55.42,47.038
2019-06-20,98.975,116.46,147.05,55.63,47.186
2019-06-21,98.974,115.96,146.81,55.56,47.288
2019-06-24,98.97,115.29,146.11,55.49,46.875
2019-06-25,98.969,115.15,147.32,55.46,46.623
2019-06-26,98.968,115.92,147.71,55.28,46.431
2019-06-27,98.967,116.22,148.35,55.25,46.452
2019-06-28,98.966,117.25,150.0,55.71,46.64
2019-07-01,98.962,118.5,151.06,56.01,47.408
2019-07-02,98.962,118.5,151.06,56.01,47.408
2019-07-03,98.96,118.94,150.92,56.51,47.958
2019-07-04,98.96,118.94,150.92,56.51,47.958
2019-07-05,98.96,118.94,150.92,56.51,47.958
2019-07-08,98.954,118.43,150.06,56.2,48.011
2019-07-09,98.953,117.57,149.68,56.03,48.02
2019-07-10,98.951,117.49,150.26,54.44,48.104
2019-07-11,98.95,117.31,150.02,54.29,48.234
2019-07-12,98.949,118.08,150.88,54.51,48.374
2019-07-15,98.945,118.19,150.55,54.59,48.412
2019-07-16,98.944,118.75,149.97,54.93,48.612
2019-07-17,98.943,117.18,148.59,54.47,48.291
2019-07-18,98.942,116.41,148.94,54.24,48.001
2019-07-19,98.94,116.65,148.95,54.3,48.374
2019-07-22,98.937,117.14,149.1,54.39,48.092
2019-07-23,98.935,118.83,150.64,54.96,48.557
2019-07-24,98.934,118.78,151.8,54.84,48.838
2019-07-25,98.933,118.35,150.43,54.58,48.817
2019-07-26,98.932,118.71,151.18,54.9,49.206
2019-07-29,98.928,118.33,150.45,54.83,49.098
2019-07-30,98.927,116.61,151.69,53.9,48.962
2019-07-31,98.926,116.61,150.79,53.97,49.047
2019-08-01,98.924,116.27,145.54,54.32,49.304
2019-08-02,98.923,113.12,143.64,52.45,47.617
2019-08-05,98.919,109.86,139.98,51.31,46.448
2019-08-06,98.918,109.69,139.93,51.23,46.094
2019-08-07,98.917,109.78,139.63,51.52,46.129
2019-08-08,98.915,112.01,141.95,52.71,47.227
2019-08-09,98.914,110.41,139.92,52.08,46.968
2019-08-12,98.91,109.45,137.77,51.97,46.686
2019-08-13,98.909,110.71,139.16,52.42,47.266
2019-08-14,98.908,107.71,134.33,51.36,46.636
2019-08-15,98.908,107.71,134.33,51.36,46.636
2019-08-16,98.906,109.48,136.01,51.89,47.186
2019-08-19,98.902,111.45,137.93,52.56,47.845
2019-08-20,98.901,110.51,136.42,52.24,47.744
2019-08-21,98.9,112.15,137.09,53.17,47.838
2019-08-22,98.899,111.27,137.09,52.71,47.724
2019-08-23,98.897,109.69,132.97,52.08,46.871
2019-08-26,98.894,110.06,134.02,52.38,46.849
2019-08-27,98.893,110.3,133.07,52.71,47.101
2019-08-28,98.891,110.1,134.61,52.48,47.226
2019-08-29,98.89,111.76,136.33,53.29,47.961
2019-08-30,98.889,112.69,136.76,53.57,48.238
2019-09-02,98.889,112.69,136.76,53.57,48.238
2019-09-03,98.884,111.71,135.04,53.41,48.059
2019-09-04,98.883,113.31,137.62,54.08,48.253
2019-09-05,98.882,115.59,140.43,54.7,48.981
2019-09-06,98.88,115.53,140.63,54.78,49.002
2019-09-09,98.877,116.08,143.89,54.69,49.004
2019-09-10,98.875,116.48,145.91,54.64,48.663
2019-09-11,98.874,117.54,147.59,54.94,49.4
2019-09-12,98.873,117.4,147.07,55.21,49.53
2019-09-13,98.872,118.58,147.44,55.35,49.435
2019-09-16,98.868,118.12,149.58,54.79,49.498
2019-09-17,98.867,117.55,147.45,54.89,49.307
2019-09-18,98.865,117.27,147.05,54.94,49.26
2019-09-19,98.864,117.82,146.94,55.31,49.69
2019-09-20,98.862,117.69,146.97,55.6,49.742
2019-09-23,98.858,115.74,146.6,55.08,49.47
2019-09-24,98.856,115.17,143.77,55.03,49.412
2019-09-25,98.855,114.71,144.39,54.56,49.339
2019-09-26,98.854,114.91,142.69,54.94,49.337
2019-09-27,98.852,115.25,142.98,55.17,49.56
2019-09-30,98.848,115.6,143.65,55.59,49.675
2019-10-01,98.847,114.19,140.63,54.79,49.255
2019-10-02,98.845,111.17,137.88,53.09,47.873
2019-10-03,98.844,110.97,138.82,53.22,47.806
2019-10-04,98.843,111.87,139.99,53.74,48.651
2019-10-07,98.838,112.29,139.11,54.04,48.88
2019-10-08,98.837,110.39,136.46,53.39,48.117
2019-10-09,98.836,110.99,137.42,53.83,48.254
2019-10-10,98.834,112.37,139.31,54.49,48.679
2019-10-11,98.833,115.49,142.02,55.45,49.298
2019-10-14,98.828,114.85,141.53,55.26,49.019
2019-10-15,98.827,115.73,142.9,55.86,49.392
2019-10-16,98.826,115.84,142.57,55.79,49.182
2019-10-17,98.824,115.55,142.78,55.58,49.02
2019-10-18,98.823,114.52,142.86,55.17,48.825
2019-10-21,98.819,116.3,143.89,55.33,49.021
2019-10-22,98.817,115.76,144.51,55.39,49.151
2019-10-23,98.816,116.22,145.26,55.36,49.11
2019-10-24,98.814,115.74,143.81,55.61,49.397
2019-10-25,98.813,116.73,144.91,56.02,49.646
2019-10-28,98.809,117.26,145.41,56.1,49.809
2019-10-29,98.807,117.53,145.73,56.17,49.883
2019-10-30,98.806,116.45,145.15,56.38,49.675
2019-10-31,98.804,115.68,144.39,56.1,49.422
2019-11-01,98.804,115.68,144.39,56.1,49.422
2019-11-04,98.798,118.6,150.37,57.04,50.337
2019-11-05,98.797,118.98,150.58,57.23,50.624
2019-11-06,98.795,118.78,149.87,57.47,50.58
2019-11-07,98.794,119.96,150.91,57.66,51.026
2019-11-08,98.793,119.56,151.34,57.65,50.943
2019-11-11,98.793,119.56,151.34,57.65,50.943
2019-11-12,98.787,119.92,149.72,57.99,51.271
2019-11-13,98.785,118.58,148.5,57.81,51.162
2019-11-14,98.78,118.7,148.4,57.74,51.14
2019-11-15,98.78,119.83,149.62,58.16,51.369
2019-11-18,98.77,119.3,148.74,58.06,51.325
2019-11-19,98.77,119.22,148.06,57.84,51.331
2019-11-20,98.77,118.68,147.72,57.73,51.317
2019-11-21,98.773,118.6,148.44,57.64,51.053
2019-11-22,98.772,119.26,149.17,57.68,51.277
2019-11-25,98.768,120.36,150.43,58.0,51.83
2019-11-26,98.766,120.61,149.35,58.1,51.942
2019-11-27,98.765,121.2,150.15,58.05,52.19
2019-11-28,98.765,121.2,150.15,58.05,52.19
2019-11-29,98.762,120.33,149.32,57.82,52.067
2019-12-02,98.758,118.69,148.94,56.71,51.209
2019-12-03,98.756,117.42,147.1,56.09,50.583
2019-12-04,98.755,118.93,149.26,56.86,51.278
2019-12-05,98.753,119.14,149.04,56.87,51.108
2019-12-06,98.752,120.59,151.33,57.56,52.008
2019-12-09,98.747,120.02,150.89,57.2,51.854
2019-12-10,98.746,120.1,150.7,57.31,51.625
2019-12-11,98.744,120.21,151.05,57.32,51.596
2019-12-12,98.743,121.48,153.73,57.57,51.886
2019-12-13,98.741,122.05,152.34,57.95,51.854
2019-12-16,98.737,123.74,153.6,58.62,52.35
2019-12-17,98.735,123.41,153.98,58.35,52.279
2019-12-18,98.734,123.34,154.19,58.31,52.486
2019-12-19,98.732,123.34,154.69,58.4,52.552
2019-12-20,98.731,124.06,155.36,58.89,53.18
2019-12-23,98.727,124.26,156.17,59.01,53.127
2019-12-24,98.727,124.26,156.17,59.01,53.127
2019-12-25,98.727,124.26,156.17,59.01,53.127
2019-12-26,98.727,124.26,156.17,59.01,53.127
2019-12-27,98.721,124.22,155.76,59.1,53.051
2019-12-30,98.716,123.58,155.35,58.52,52.483
2019-12-31,98.715,123.32,156.25,58.44,52.459
2020-01-01,98.715,123.32,156.25,58.44,52.459
2020-01-02,98.712,125.37,156.6,59.14,52.886
2020-01-03,98.71,124.64,155.65,59.16,52.944
2020-01-06,98.705,124.28,156.31,58.92,52.823
2020-01-07,98.704,124.79,155.96,58.95,53.188
2020-01-08,98.702,125.01,155.24,59.11,53.431
2020-01-09,98.701,125.71,155.12,59.2,53.871
2020-01-10,98.699,125.26,154.34,59.17,53.863
2020-01-13,98.695,125.38,154.72,59.14,53.767
2020-01-14,98.693,125.41,156.01,59.24,53.995
2020-01-15,98.692,124.55,155.93,59.16,54.021
2020-01-16,98.69,125.13,154.89,59.23,54.272
2020-01-17,98.689,126.23,154.55,59.81,54.764
2020-01-20,98.689,126.23,154.55,59.81,54.764
2020-01-21,98.683,124.95,153.42,59.29,54.805
2020-01-22,98.681,124.33,153.23,58.93,54.923
2020-01-23,98.679,123.71,152.65,58.53,54.754
2020-01-24,98.678,124.03,150.07,59.08,54.964
2020-01-27,98.673,120.77,147.36,57.51,53.837
2020-01-28,98.672,122.27,148.83,58.16,54.452
2020-01-29,98.67,122.41,147.36,58.45,54.611
2020-01-30,98.669,120.86,147.83,57.58,53.948
2020-01-31,98.667,119.03,145.5,56.92,53.456
2020-02-03,98.663,119.85,146.51,57.21,53.795
2020-02-04,98.661,122.51,149.43,58.23,54.758
2020-02-05,98.66,124.33,152.9,58.74,55.262
2020-02-06,98.658,125.49,152.22,59.22,55.745
2020-02-07,98.657,125.09,151.53,59.11,55.813
2020-02-10,98.652,124.61,152.02,58.96,56.006
2020-02-11,98.65,126.27,152.47,59.36,56.412
2020-02-12,98.649,127.45,154.0,59.84,56.729
2020-02-13,98.647,127.31,152.79,59.71,57.026
2020-02-14,98.646,126.78,151.57,59.52,57.067
2020-02-17,98.646,126.78,151.57,59.52,57.067
2020-02-18,98.64,126.34,149.35,59.38,56.883
2020-02-19,98.639,126.91,150.98,59.81,57.508
2020-02-20,98.637,126.04,150.79,59.69,56.793
2020-02-21,98.636,124.87,148.93,59.07,56.473
2020-02-24,98.632,120.19,143.98,56.72,54.682
2020-02-25,98.63,117.51,138.88,55.69,53.751
2020-02-26,98.629,117.93,136.83,55.75,53.389
2020-02-27,98.627,113.61,131.52,53.91,50.9
2020-02-28,98.626,110.8,129.35,51.92,48.573
2020-03-02,98.621,110.62,134.61,52.41,49.439
2020-03-03,98.62,110.69,130.6,52.76,50.031
2020-03-04,98.618,111.71,134.64,53.67,50.391
2020-03-05,98.617,110.16,129.67,52.73,50.302
2020-03-06,98.615,106.16,124.11,50.59,47.874
2020-03-09,98.611,96.24,108.87,46.36,44.815
2020-03-10,98.609,96.06,113.62,45.65,44.643
2020-03-11,98.608,94.47,107.26,45.29,45.099
2020-03-12,98.606,83.03,95.39,39.855,41.333
2020-03-13,98.605,84.71,105.65,40.57,42.075
2020-03-16,98.6,77.76,92.85,38.27,41.244
2020-03-17,98.599,78.9,95.99,39.19,41.665
2020-03-18,98.597,75.9,87.73,36.8,40.278
2020-03-19,98.596,78.19,90.52,37.685,41.0
2020-03-20,98.594,80.93,86.68,39.85,40.852
2020-03-23,98.589,78.9,83.13,38.44,38.149
2020-03-24,98.588,85.39,93.09,41.5,41.36
2020-03-25,98.587,87.27,95.47,43.495,42.567
2020-03-26,98.586,89.4,101.02,44.52,43.225
2020-03-27,98.58,85.63,96.11,42.72,42.264
2020-03-30,98.582,85.46,98.11,43.075,43.338
2020-03-31,98.58,86.96,97.7,43.25,44.013
2020-04-01,98.579,84.57,91.65,41.395,42.019
2020-04-02,98.577,85.16,94.14,41.58,42.354
2020-04-03,98.576,84.63,92.34,40.93,42.44
2020-04-06,98.572,89.06,98.1,42.695,44.317
2020-04-07,98.571,90.73,100.14,43.645,45.971
2020-04-08,98.57,91.31,105.1,43.645,45.93
2020-04-09,98.569,92.47,108.63,44.22,46.914
2020-04-10,98.569,92.47,108.63,44.22,46.914
2020-04-13,98.569,92.47,108.63,44.22,46.914
2020-04-14,98.563,92.54,107.49,44.435,47.3
2020-04-15,98.562,89.1,102.72,42.715,46.739
2020-04-16,98.56,89.25,100.59,42.715,47.306
2020-04-17,98.559,91.65,106.49,44.115,47.965
2020-04-20,98.556,91.72,103.92,44.44,48.336
2020-04-21,98.555,88.75,100.76,42.855,46.388
2020-04-22,98.553,90.36,102.6,43.36,47.395
2020-04-23,98.552,91.3,104.5,43.785,48.084
2020-04-24,98.551,90.1,105.65,43.205,47.57
2020-04-27,98.547,92.57,108.93,44.205,48.765
2020-04-28,98.546,92.99,110.3,44.895,48.888
2020-04-29,98.545,96.19,115.81,45.895,49.71
2020-04-30,98.544,93.44,113.14,44.835,48.935
2020-05-01,98.544,93.44,113.14,44.835,48.935
2020-05-04,98.539,89.52,108.41,43.16,47.447
2020-05-05,98.538,91.04,108.78,44.245,49.005
2020-05-06,98.537,90.36,106.34,43.775,48.788
2020-05-07,98.536,91.96,108.21,44.435,49.28
2020-05-08,98.536,91.96,108.21,44.435,49.28
2020-05-11,98.531,92.45,109.95,44.425,49.7
2020-05-12,98.53,91.34,107.04,44.27,49.535
2020-05-13,98.53,91.34,107.04,44.27,49.535
2020-05-14,98.528,88.16,104.61,42.295,47.814
2020-05-15,98.527,88.51,104.68,42.36,48.182
2020-05-18,98.524,92.98,111.31,44.555,49.99
2020-05-19,98.523,91.17,109.2,44.125,49.791
2020-05-20,98.521,92.23,111.65,44.525,49.885
2020-05-21,98.521,92.23,111.65,44.525,49.885
2020-05-22,98.519,91.43,110.24,43.97,49.671
2020-05-25,98.519,91.43,110.24,43.97,49.671
2020-05-26,98.515,96.05,115.41,45.545,50.435
2020-05-27,98.514,97.92,118.88,46.37,50.146
2020-05-28,98.513,98.17,116.52,47.225,50.822
2020-05-29,98.512,97.05,114.95,46.435,49.894
2020-06-01,98.512,97.05,114.95,46.435,49.894
2020-06-02,98.512,97.05,114.95,46.435,49.894
2020-06-03,98.505,103.81,122.72,49.7,51.152
2020-06-04,98.503,103.71,124.93,49.585,50.728
2020-06-05,98.502,107.83,130.54,51.4,52.296
2020-06-08,98.498,108.58,135.55,51.16,52.397
2020-06-09,98.497,106.36,131.64,50.4,52.091
2020-06-10,98.495,104.88,126.25,50.02,51.844
2020-06-11,98.494,98.86,114.97,47.645,49.9
2020-06-12,98.492,100.01,118.28,47.96,49.637
2020-06-15,98.488,100.49,118.51,47.695,49.309
2020-06-16,98.487,103.68,121.63,49.105,51.123
2020-06-17,98.486,104.07,118.95,49.485,51.342
2020-06-18,98.484,101.51,118.8,49.15,51.167
2020-06-19,98.483,101.05,117.92,49.36,51.614
2020-06-22,98.483,101.05,117.92,49.36,51.614
2020-06-23,98.483,101.05,117.92,49.36,51.614
2020-06-24,98.478,97.86,113.6,48.355,49.983
2020-06-25,98.476,98.89,115.9,48.84,50.018
2020-06-26,98.475,97.83,112.04,48.695,49.817
2020-06-29,98.471,98.91,114.48,49.1,49.836
2020-06-30,98.47,99.31,116.46,48.985,50.425
2020-07-01,98.468,98.61,114.85,48.94,50.877
2020-07-02,98.467,101.22,115.99,50.13,51.588
2020-07-03,98.467,101.22,115.99,50.13,51.588
2020-07-06,98.46,102.82,117.44,50.52,51.863
2020-07-07,98.459,101.87,114.66,50.21,51.886
2020-07-08,98.457,101.01,115.0,49.02,51.245
2020-07-09,98.456,99.75,111.05,48.435,51.09
2020-07-10,98.454,101.05,114.51,48.89,51.518
2020-07-13,98.449,101.83,114.76,49.76,52.459
2020-07-14,98.449,101.83,114.76,49.76,52.459
2020-07-15,98.445,103.69,118.81,50.33,52.064
2020-07-16,98.443,103.2,118.5,50.1,51.771
2020-07-17,98.442,103.09,118.04,49.925,51.971
2020-07-20,98.437,103.95,116.9,50.18,52.178
2020-07-21,98.435,104.5,119.14,50.25,52.592
2020-07-22,98.434,103.28,119.73,49.59,52.007
2020-07-23,98.432,102.81,120.04,49.555,52.138
2020-07-24,98.43,100.8,118.93,48.8,51.116
2020-07-27,98.426,99.87,118.89,48.65,50.63
2020-07-28,98.424,99.49,118.18,48.575,50.994
2020-07-29,98.422,99.32,120.45,48.83,50.875
2020-07-30,98.421,96.97,117.88,47.77,50.637
2020-07-31,98.419,96.11,117.13,47.105,50.678
2020-08-03,98.414,98.26,117.85,48.055,51.843
2020-08-04,98.412,98.95,118.52,48.18,51.796
2020-08-05,98.411,100.06,120.27,48.515,51.657
2020-08-06,98.409,99.66,119.64,48.13,51.825
2020-08-07,98.407,99.46,121.29,48.135,52.428
2020-08-10,98.403,100.57,123.92,48.325,52.62
2020-08-11,98.403,100.57,123.92,48.325,52.62
2020-08-12,98.399,103.2,124.6,49.985,52.929
2020-08-13,98.398,102.28,123.42,49.655,52.817
2020-08-14,98.396,101.13,123.93,48.87,52.762
2020-08-17,98.391,100.97,123.07,48.995,52.698
2020-08-18,98.39,100.07,122.07,48.63,52.497
2020-08-19,98.388,99.76,121.67,49.025,52.8
2020-08-20,98.386,98.29,119.8,48.385,52.655
2020-08-21,98.385,97.99,118.7,48.235,53.132
2020-08-24,98.38,99.88,121.05,49.33,53.596
2020-08-25,98.379,99.68,120.92,49.33,53.73
2020-08-26,98.377,100.38,120.0,49.725,54.099
2020-08-27,98.375,100.05,121.31,49.365,54.766
2020-08-28,98.374,100.44,122.27,49.22,54.285
2020-08-31,98.37,99.29,120.34,48.71,54.137
2020-09-01,98.368,99.01,120.38,48.64,54.334
2020-09-02,98.366,100.24,121.87,49.545,55.464
2020-09-03,98.364,98.96,120.08,49.34,54.358
2020-09-04,98.363,98.68,120.86,48.955,52.93
2020-09-07,98.363,98.68,120.86,48.955,52.93
2020-09-08,98.359,97.71,117.3,49.1,52.697
2020-09-09,98.358,98.72,118.52,49.745,53.225
2020-09-10,98.356,98.2,116.43,49.605,52.975
2020-09-11,98.354,98.12,116.61,49.67,52.395
2020-09-14,98.35,98.77,118.21,49.86,52.958
2020-09-15,98.348,98.97,117.15,50.03,53.358
2020-09-16,98.346,99.66,119.52,50.07,53.483
2020-09-17,98.345,99.28,119.45,49.69,52.678
2020-09-18,98.343,97.81,118.77,49.125,52.006
2020-09-21,98.342,93.83,113.97,47.34,51.003
2020-09-22,98.341,93.98,113.28,47.19,51.802
2020-09-23,98.339,93.62,110.07,47.465,52.262
2020-09-24,98.338,92.97,110.03,47.07,51.558
2020-09-25,98.336,93.08,110.66,46.795,52.092
2020-09-28,98.337,95.59,112.93,47.945,53.21
2020-09-29,98.336,94.81,111.46,47.805,52.702
2020-09-30,98.334,95.55,112.21,47.575,53.249
2020-10-01,98.333,95.04,111.62,47.72,53.342
2020-10-02,98.331,95.33,112.51,47.72,53.018
2020-10-05,98.326,96.85,114.69,48.16,53.342
2020-10-06,98.324,98.12,113.32,48.405,53.52
2020-10-07,98.323,98.9,115.47,48.18,53.626
2020-10-08,98.321,99.96,117.84,48.515,54.09
2020-10-09,98.32,99.92,117.15,48.79,54.39
2020-10-12,98.316,100.43,117.74,49.165,55.393
2020-10-13,98.314,99.29,115.8,48.83,55.628
2020-10-14,98.313,98.88,115.58,48.735,55.301
2020-10-15,98.311,97.49,116.42,47.69,54.861
2020-10-16,98.309,98.83,116.09,48.74,55.386
2020-10-19,98.307,98.79,114.74,48.7,54.6
2020-10-20,98.305,98.81,115.89,48.61,53.956
2020-10-21,98.303,97.25,115.17,47.86,53.748
2020-10-22,98.302,97.55,118.2,47.885,53.784
2020-10-23,98.3,98.45,118.99,48.36,54.049
2020-10-26,98.296,95.85,115.72,47.54,53.094
2020-10-27,98.294,93.9,113.7,46.645,53.209
2020-10-28,98.292,90.77,110.01,45.165,51.986
2020-10-29,98.291,90.65,110.98,45.16,52.489
2020-10-30,98.289,91.27,111.83,45.42,51.974
2020-11-02,98.285,93.14,115.14,46.37,52.78
2020-11-03,98.283,95.17,116.62,47.51,53.555
2020-11-04,98.281,96.15,114.79,48.58,54.913
2020-11-05,98.28,97.55,117.87,49.16,55.221
2020-11-06,98.278,97.1,117.19,48.935,54.7
2020-11-09,98.276,104.04,128.14,52.64,56.689
2020-11-10,98.274,106.47,129.71,53.46,55.539
2020-11-11,98.274,106.47,129.71,53.46,55.539
2020-11-12,98.271,105.24,126.23,52.89,55.891
2020-11-13,98.269,106.49,129.3,53.06,55.896
2020-11-16,98.268,109.73,133.24,53.97,56.815
2020-11-17,98.266,109.66,133.03,54.08,56.513
2020-11-18,98.264,109.69,132.06,54.33,56.553
2020-11-19,98.263,108.42,133.1,53.99,55.827
2020-11-20,98.261,109.07,132.78,54.23,56.012
2020-11-23,98.257,110.89,136.9,54.2,55.82
2020-11-24,98.255,114.62,142.13,54.84,56.719
2020-11-25,98.253,114.33,140.66,54.95,56.58
2020-11-26,98.253,114.33,140.66,54.95,56.58
2020-11-27,98.25,114.43,140.52,55.21,56.527
2020-11-30,98.245,112.45,137.09,54.44,55.935
2020-12-01,98.243,113.81,138.42,55.1,56.577
2020-12-02,98.241,114.06,140.35,55.03,56.282
2020-12-03,98.239,114.31,141.81,54.98,56.217
2020-12-04,98.238,116.07,145.83,55.36,56.517
2020-12-07,98.232,115.0,143.77,55.02,56.576
2020-12-08,98.231,114.23,144.74,54.87,56.737
2020-12-09,98.229,114.25,144.61,54.46,56.805
2020-12-10,98.227,113.26,145.26,54.46,56.351
2020-12-11,98.225,112.14,143.22,54.03,55.946
2020-12-14,98.22,112.74,140.97,54.27,56.231
2020-12-15,98.218,114.33,143.68,54.32,56.08
2020-12-16,98.216,114.38,143.23,54.5,56.563
2020-12-17,98.214,114.3,143.7,54.49,56.386
2020-12-18,98.212,113.57,142.33,54.26,56.204
2020-12-21,98.207,110.95,141.53,52.92,55.718
2020-12-22,98.205,112.37,139.1,53.71,56.308
2020-12-23,98.203,113.94,141.87,54.32,56.463
2020-12-24,98.203,113.94,141.87,54.32,56.463
2020-12-25,98.203,113.94,141.87,54.32,56.463
2020-12-28,98.194,114.07,141.83,54.9,56.874
2020-12-29,98.193,114.22,141.31,55.07,56.796
2020-12-30,98.191,114.22,142.67,54.97,56.629
2020-12-31,98.191,114.22,142.67,54.97,56.629
2021-01-01,98.191,114.22,142.67,54.97,56.629
2021-01-04,98.182,114.69,142.84,54.99,56.123
2021-01-05,98.178,115.41,146.05,54.7,56.189
2021-01-06,98.176,118.39,151.67,55.35,57.137
2021-01-07,98.174,119.87,153.24,55.73,57.609
2021-01-08,98.174,119.87,153.24,55.73,57.609
2021-01-11,98.167,119.92,152.75,55.68,58.296
2021-01-12,98.165,120.95,155.77,55.54,58.199
2021-01-13,98.163,120.15,154.53,55.71,58.26
2021-01-14,98.161,121.32,157.06,55.89,58.516
2021-01-15,98.159,119.98,153.66,55.17,58.103
2021-01-18,98.159,119.98,153.66,55.17,58.103
2021-01-19,98.152,120.54,154.77,55.03,58.113
2021-01-20,98.15,121.6,154.6,55.36,59.052
2021-01-21,98.148,120.53,152.8,54.99,59.055
2021-01-22,98.146,118.58,151.92,54.67,58.688
2021-01-25,98.141,116.38,150.61,53.8,58.695
2021-01-26,98.139,117.02,149.17,54.31,59.002
2021-01-27,98.137,115.58,145.89,53.64,58.257
2021-01-28,98.135,116.73,147.37,54.15,58.501
2021-01-29,98.133,115.22,144.01,53.04,57.203
2021-02-01,98.128,116.47,145.76,53.7,57.921
2021-02-02,98.126,119.06,147.01,54.74,59.387
2021-02-03,98.124,119.64,149.4,54.69,59.351
2021-02-04,98.122,121.13,151.42,55.11,59.959
2021-02-05,98.12,121.98,151.9,55.64,60.18
2021-02-08,98.115,123.37,154.97,55.98,60.306
2021-02-09,98.113,122.32,154.3,55.92,60.207
2021-02-10,98.111,122.18,155.32,55.74,59.97
2021-02-11,98.109,122.36,153.84,55.7,60.185
2021-02-12,98.107,122.78,155.23,56.05,60.313
2021-02-15,98.107,122.78,155.23,56.05,60.313
2021-02-16,98.099,123.74,156.69,56.85,60.564
2021-02-17,98.097,123.6,158.0,56.63,60.541
2021-02-18,98.095,122.63,155.88,56.32,60.181
2021-02-19,98.093,123.6,158.9,56.78,60.338
2021-02-22,98.087,123.84,161.39,56.71,59.61
2021-02-23,98.085,124.41,162.42,56.79,59.15
2021-02-24,98.083,126.24,166.07,56.99,59.967
2021-02-25,98.081,125.74,162.79,56.81,59.31
2021-02-26,98.079,123.94,159.82,55.97,59.142
2021-03-01,98.074,126.31,162.96,56.94,60.277
2021-03-02,98.072,126.2,162.33,57.13,59.853
2021-03-03,98.07,126.77,164.49,57.3,59.717
2021-03-04,98.068,126.57,164.01,57.38,59.158
2021-03-05,98.066,126.71,168.97,56.8,58.559
2021-03-08,98.06,129.31,171.05,58.05,60.866
2021-03-09,98.058,129.56,168.72,58.24,61.086
2021-03-10,98.056,130.08,172.05,58.86,61.176
2021-03-11,98.054,130.52,173.33,59.28,61.648
2021-03-12,98.052,131.55,174.04,59.38,61.281
2021-03-15,98.046,131.56,174.93,59.27,61.653
2021-03-16,98.044,131.58,172.05,59.51,62.232
2021-03-17,98.042,131.68,173.54,59.53,61.878
2021-03-18,98.04,131.73,171.66,59.56,62.004
2021-03-19,98.038,130.13,170.47,58.94,61.494
2021-03-22,98.032,129.35,169.2,58.7,61.701
2021-03-23,98.03,127.94,165.45,58.46,61.968
2021-03-24,98.028,128.5,166.2,58.42,62.034
2021-03-25,98.026,128.49,168.94,58.58,61.692
2021-03-26,98.024,130.04,172.45,58.92,62.341
2021-03-29,98.019,129.72,171.7,59.25,62.743
2021-03-30,98.017,131.41,172.65,59.92,63.055
2021-03-31,98.015,130.85,171.38,59.63,63.333
2021-04-01,98.013,131.64,173.58,60.06,63.537
2021-04-02,98.013,131.64,173.58,60.06,63.537
2021-04-05,98.013,131.64,173.58,60.06,63.537
2021-04-06,98.003,132.2,173.72,60.36,64.374
2021-04-07,98.001,131.99,173.7,60.34,64.016
2021-04-08,97.999,131.57,172.84,60.67,64.237
2021-04-09,97.997,131.43,173.1,60.71,64.493
2021-04-12,97.991,130.71,172.89,60.63,64.646
2021-04-13,97.989,130.77,171.71,60.87,64.726
2021-04-14,97.987,131.62,173.85,61.1,64.627
2021-04-15,97.985,131.63,173.42,61.35,64.999
2021-04-16,97.983,132.63,173.66,61.94,65.167
2021-04-19,97.977,132.72,173.51,61.97,64.686
2021-04-20,97.975,129.32,170.57,60.69,64.057
2021-04-21,97.973,130.1,172.96,61.24,64.553
2021-04-22,97.971,130.72,171.65,61.75,64.971
2021-04-23,97.969,131.03,173.37,61.7,64.675
2021-04-26,97.963,132.11,174.67,61.82,64.852
2021-04-27,97.961,132.55,175.13,61.87,64.775
2021-04-28,97.959,133.46,176.61,62.19,64.718
2021-04-29,97.957,132.83,178.18,62.18,64.695
2021-04-30,97.955,132.23,175.98,61.8,64.954
2021-05-03,97.949,132.9,179.18,62.17,65.049
2021-05-04,97.947,132.24,179.52,61.64,64.364
2021-05-05,97.945,135.0,182.54,62.74,65.129
2021-05-06,97.942,135.72,184.41,62.84,64.761
2021-05-07,97.94,136.93,187.61,63.3,65.152
2021-05-10,97.935,137.1,187.62,63.4,65.016
2021-05-11,97.932,134.69,185.11,62.2,63.727
2021-05-12,97.93,134.71,183.31,62.34,63.458
2021-05-13,97.93,134.71,183.31,62.34,63.458
2021-05-14,97.926,135.86,187.65,63.36,64.195
2021-05-17,97.921,135.65,189.02,63.31,63.88
2021-05-18,97.918,135.56,186.99,63.2,63.735
2021-05-19,97.916,133.19,184.16,62.24,62.534
2021-05-20,97.914,133.82,184.31,63.11,63.712
2021-05-21,97.912,134.55,185.13,63.51,64.073
2021-05-24,97.912,134.55,185.13,63.51,64.073
2021-05-25,97.904,134.75,183.76,63.71,64.07
2021-05-26,97.902,134.65,184.94,63.72,64.321
2021-05-27,97.9,136.29,186.36,64.08,64.35
2021-05-28,97.898,136.83,186.26,64.67,64.661
2021-05-31,97.898,136.83,186.26,64.67,64.661
2021-06-01,97.89,137.65,189.27,64.78,64.33
2021-06-02,97.888,138.16,190.13,65.12,64.588
2021-06-03,97.886,138.39,189.89,64.98,64.81
2021-06-04,97.884,138.48,190.14,65.1,64.948
2021-06-07,97.878,138.82,189.17,65.38,64.755
2021-06-08,97.875,138.52,189.87,65.46,64.808
2021-06-09,97.873,137.91,188.73,65.56,65.024
2021-06-10,97.871,137.71,188.28,65.37,65.192
2021-06-11,97.869,138.84,189.44,65.94,65.597
2021-06-14,97.863,138.59,187.25,66.05,65.421
2021-06-15,97.86,138.09,188.2,66.36,65.509
2021-06-16,97.859,137.83,187.12,66.48,65.641
2021-06-17,97.857,137.47,182.79,66.63,66.436
2021-06-18,97.855,135.13,178.85,65.63,65.999
2021-06-21,97.849,136.24,182.95,66.0,66.297
2021-06-22,97.847,136.58,183.14,66.07,66.73
2021-06-23,97.847,136.58,183.14,66.07,66.73
2021-06-24,97.843,137.29,184.39,66.37,66.989
2021-06-25,97.84,137.8,185.28,66.28,67.085
2021-06-28,97.835,135.89,182.86,65.62,67.196
2021-06-29,97.833,136.59,181.92,65.76,67.555
2021-06-30,97.831,135.91,182.97,65.15,67.832
2021-07-01,97.829,137.29,184.93,65.62,68.083
2021-07-02,97.827,137.39,184.75,65.57,68.56
2021-07-05,97.827,137.39,184.75,65.57,68.56
2021-07-06,97.819,136.06,180.5,65.1,68.591
2021-07-07,97.817,135.71,180.15,64.21,69.108
2021-07-08,97.815,133.1,177.55,62.88,68.254
2021-07-09,97.813,135.39,181.71,64.25,68.923
2021-07-12,97.807,135.55,182.74,64.54,69.169
2021-07-13,97.805,134.86,180.52,64.48,69.65
2021-07-14,97.805,134.86,180.52,64.48,69.65
2021-07-15,97.801,133.05,177.89,63.88,69.269
2021-07-16,97.799,131.73,175.07,63.52,69.007
2021-07-19,97.793,127.99,170.88,61.99,67.703
2021-07-20,97.791,129.67,174.26,62.46,68.73
2021-07-21,97.789,132.75,177.54,63.57,69.098
2021-07-22,97.787,132.7,175.56,63.74,69.377
2021-07-23,97.785,133.53,175.6,64.59,70.211
2021-07-26,97.779,134.59,177.68,64.65,70.134
2021-07-27,97.779,134.59,177.68,64.65,70.134
2021-07-28,97.775,134.46,177.66,64.97,69.943
2021-07-29,97.773,135.44,179.22,65.24,69.792
2021-07-30,97.771,134.36,177.25,65.01,69.496
2021-08-02,97.764,134.4,176.11,65.66,69.661
2021-08-03,97.762,135.02,177.66,66.11,69.5
2021-08-04,97.76,135.43,173.79,66.37,69.816
2021-08-05,97.758,136.31,176.26,66.72,69.993
2021-08-06,97.756,137.2,178.08,67.07,70.683
2021-08-09,97.75,137.03,177.44,67.03,70.754
2021-08-10,97.748,137.67,180.28,67.07,71.026
2021-08-11,97.746,138.65,181.58,67.47,70.984
2021-08-12,97.744,138.57,180.96,67.69,71.137
2021-08-13,97.742,138.81,179.8,67.81,71.022
2021-08-16,97.736,137.63,178.55,67.26,70.872
2021-08-17,97.733,136.76,177.37,67.04,71.279
2021-08-18,97.731,137.2,175.13,66.57,71.259
2021-08-19,97.729,134.75,172.46,64.95,70.679
2021-08-20,97.727,134.78,173.23,65.19,71.227
2021-08-23,97.721,136.19,176.12,65.79,71.7
2021-08-24,97.719,137.34,178.02,65.51,71.682
2021-08-25,97.717,138.07,179.02,65.68,71.774
2021-08-26,97.715,137.33,177.05,65.54,71.537
2021-08-27,97.713,137.96,180.12,65.7,71.719
2021-08-30,97.706,137.57,178.37,65.73,72.195
2021-08-31,97.704,137.24,178.91,65.69,72.075
2021-09-01,97.702,137.89,177.74,66.43,71.816
2021-09-02,97.7,138.42,180.0,66.49,71.916
2021-09-03,97.698,137.47,178.8,65.75,71.714
2021-09-06,97.698,137.47,178.8,65.75,71.714
2021-09-07,97.69,137.0,177.85,66.12,71.689
2021-09-08,97.688,135.96,175.99,65.56,71.579
2021-09-09,97.686,135.58,175.83,65.74,71.717
2021-09-10,97.684,134.6,174.43,65.47,71.156
2021-09-13,97.678,135.87,177.5,65.65,70.962
2021-09-14,97.676,135.03,175.03,65.41,70.889
2021-09-15,97.674,135.07,178.04,64.76,70.852
2021-09-16,97.671,135.31,177.02,65.09,71.222
2021-09-17,97.669,134.17,176.16,64.52,71.054
2021-09-20,97.663,131.36,172.3,63.4,69.854
2021-09-21,97.661,131.95,171.47,64.45,70.121
2021-09-22,97.659,134.16,174.42,65.25,70.463
2021-09-23,97.657,136.06,178.12,65.89,71.259
2021-09-24,97.655,136.17,178.53,65.27,71.259
2021-09-27,97.649,138.11,182.32,65.43,71.434
2021-09-28,97.647,135.79,181.32,64.07,70.135
2021-09-29,97.645,136.36,181.71,64.62,70.782
2021-09-30,97.643,135.95,179.24,64.14,70.56
2021-10-01,97.641,136.08,182.03,64.14,70.116
2021-10-04,97.635,135.52,183.37,63.78,69.268
2021-10-05,97.633,137.08,184.82,64.77,70.585
2021-10-06,97.631,135.34,183.3,63.99,70.172
2021-10-07,97.628,137.29,184.53,65.0,71.869
2021-10-08,97.626,137.36,186.05,64.6,71.508
2021-10-11,97.62,137.64,185.43,64.72,71.631
2021-10-12,97.617,137.15,184.82,64.5,71.045
2021-10-13,97.615,137.0,183.61,64.99,70.541
2021-10-14,97.613,138.0,186.66,65.83,71.802
2021-10-15,97.611,139.31,188.32,66.26,72.413
2021-10-18,97.605,138.52,187.76,65.71,72.584
2021-10-19,97.603,139.11,188.97,65.71,72.906
2021-10-20,97.601,139.24,190.58,66.05,73.23
2021-10-21,97.599,138.63,188.79,65.87,73.154
2021-10-22,97.597,138.47,189.11,66.33,73.324
2021-10-25,97.591,139.18,188.99,66.07,73.792
2021-10-26,97.588,139.93,188.77,66.62,74.458
2021-10-27,97.586,139.56,185.8,66.52,74.229
2021-10-28,97.584,139.71,188.19,66.97,73.886
2021-10-29,97.582,139.67,186.09,67.29,74.822
2021-11-01,97.582,139.67,186.09,67.29,74.822
2021-11-02,97.574,140.61,186.33,68.21,75.221
2021-11-03,97.572,140.53,187.98,68.45,75.156
2021-11-04,97.569,140.63,186.81,68.78,76.108
2021-11-05,97.567,141.51,188.95,69.31,76.653
2021-11-08,97.561,141.67,190.34,69.4,76.368
2021-11-09,97.559,140.58,189.51,69.31,76.037
2021-11-10,97.557,141.3,187.23,69.36,76.405
2021-11-11,97.557,141.3,187.23,69.36,76.405
2021-11-12,97.553,141.16,188.01,69.86,76.956
2021-11-15,97.546,141.83,187.02,70.23,77.223
2021-11-16,97.544,141.48,186.33,70.47,78.082
2021-11-17,97.542,140.63,184.93,70.47,78.12
2021-11-18,97.54,139.74,183.69,70.31,77.873
2021-11-19,97.538,137.75,180.35,70.02,78.325
2021-11-22,97.532,138.38,181.88,69.96,79.068
2021-11-23,97.529,138.63,184.7,69.41,78.028
2021-11-24,97.527,138.86,184.27,69.35,78.853
2021-11-25,97.527,138.86,184.27,69.35,78.853
2021-11-26,97.523,132.31,178.19,66.43,76.426
2021-11-29,97.516,132.66,178.15,66.87,77.566
2021-11-30,97.514,131.2,173.54,66.31,76.552
2021-12-01,97.512,133.15,171.25,67.96,77.256
2021-12-02,97.51,132.95,176.37,67.08,75.809
2021-12-03,97.508,131.83,175.23,66.81,75.695
2021-12-06,97.501,134.23,178.34,67.78,76.528
2021-12-07,97.498,136.83,180.9,69.69,78.601
2021-12-08,97.496,135.63,181.81,68.99,77.826
2021-12-09,97.494,135.38,181.12,68.91,78.353
2021-12-10,97.492,134.71,181.7,68.72,77.982
2021-12-13,97.485,133.49,178.49,68.32,78.017
2021-12-14,97.483,133.9,178.72,67.81,77.176
2021-12-15,97.481,133.13,178.79,68.15,77.229
2021-12-16,97.479,134.72,180.46,68.87,78.406
2021-12-17,97.476,134.11,178.56,68.12,77.672
2021-12-20,97.469,131.9,175.73,67.62,75.6
2021-12-21,97.467,135.2,179.86,68.52,77.015
2021-12-22,97.465,136.13,182.27,69.29,77.961
2021-12-23,97.463,137.12,182.65,69.88,78.831
2021-12-24,97.463,137.12,182.65,69.88,78.831
2021-12-27,97.454,138.0,185.34,70.17,79.371
2021-12-28,97.451,138.44,185.16,70.53,79.852
2021-12-29,97.449,137.74,184.97,70.42,79.49
2021-12-30,97.447,138.15,184.54,70.53,79.944
2021-12-31,97.445,137.84,184.81,70.31,79.532
2022-01-03,97.438,139.85,189.15,71.03,79.621
2022-01-04,97.435,142.28,193.85,71.98,80.024
2022-01-05,97.433,142.73,192.0,72.53,79.653
2022-01-06,97.431,142.46,194.25,71.31,78.417
2022-01-07,97.429,143.14,196.52,71.02,77.795
2022-01-10,97.422,142.59,196.3,70.01,76.735
2022-01-11,97.42,144.24,199.59,70.67,77.689
2022-01-12,97.418,145.07,199.73,71.21,77.995
2022-01-13,97.415,145.64,200.83,70.85,77.714
2022-01-14,97.413,145.1,202.83,70.31,76.493
2022-01-17,97.413,145.1,202.83,70.31,76.493
2022-01-18,97.405,144.91,199.84,70.21,76.238
2022-01-19,97.403,144.42,197.27,70.59,75.889
2022-01-20,97.401,144.93,195.19,70.85,76.436
2022-01-21,97.399,141.45,191.03,69.51,74.567
2022-01-24,97.392,136.75,191.47,66.87,71.418
2022-01-25,97.38,138.11,193.99,67.35,72.253
2022-01-26,97.388,140.9,192.64,68.85,73.958
2022-01-27,97.386,141.97,191.56,69.19,74.527
2022-01-28,97.384,140.44,193.45,68.55,73.725
2022-01-31,97.377,140.93,195.0,68.89,75.163
2022-02-01,97.375,143.07,198.69,69.87,75.748
2022-02-02,97.373,143.09,199.43,69.98,76.027
2022-02-03,97.371,141.41,196.83,68.88,74.635
2022-02-04,97.369,140.05,197.11,68.34,73.714
2022-02-07,97.363,140.87,198.14,68.97,74.158
2022-02-08,97.361,143.0,199.78,69.15,74.565
2022-02-09,97.359,145.67,202.63,70.15,75.49
2022-02-10,97.356,146.13,201.25,69.81,74.864
2022-02-11,97.356,146.13,201.25,69.81,74.864
2022-02-14,97.346,142.02,198.27,67.49,73.636
2022-02-15,97.343,144.5,202.86,68.76,74.163
2022-02-16,97.341,144.53,204.55,68.58,73.755
2022-02-17,97.339,142.47,201.56,68.39,73.467
2022-02-18,97.337,141.22,199.27,68.22,72.542
2022-02-21,97.337,141.22,199.27,68.22,72.542
2022-02-22,97.328,138.74,197.1,66.85,71.986
2022-02-23,97.326,137.78,195.01,66.78,71.499
2022-02-24,97.324,133.58,193.63,64.2,70.847
2022-02-25,97.322,138.05,199.89,66.5,73.273
2022-02-28,97.315,137.24,198.05,65.56,73.707
2022-03-01,97.313,133.69,193.45,63.04,73.465
2022-03-02,97.311,135.61,198.25,64.04,74.514
2022-03-03,97.309,133.67,197.34,62.81,74.575
2022-03-04,97.307,128.1,196.43,59.84,74.386
2022-03-07,97.298,125.63,193.34,58.85,74.149
2022-03-08,97.296,126.37,193.96,58.61,72.233
2022-03-09,97.294,132.04,197.02,62.91,72.891
2022-03-10,97.292,129.63,198.98,61.1,72.378
2022-03-11,97.29,131.38,197.51,61.64,73.317
2022-03-14,97.278,132.49,195.03,62.68,72.23
2022-03-15,97.275,132.75,196.23,62.54,73.224
2022-03-16,97.273,137.61,199.02,64.86,74.414
2022-03-17,97.271,137.99,202.42,65.08,74.538
2022-03-18,97.268,138.51,202.95,65.18,75.732
2022-03-21,97.258,138.95,204.52,64.79,76.397
2022-03-22,97.256,140.57,204.72,65.6,77.281
2022-03-23,97.254,139.5,204.23,64.87,77.097
2022-03-24,97.25,139.17,205.62,64.71,77.137
2022-03-25,97.25,139.64,207.86,64.67,77.782
2022-03-28,97.243,139.47,205.63,64.93,78.178
2022-03-29,97.24,142.04,207.44,66.9,78.544
2022-03-30,97.238,140.86,207.18,66.44,78.13
2022-03-31,97.237,138.93,204.42,65.62,78.264
2022-04-01,97.235,139.89,205.64,65.91,77.623
2022-04-04,97.228,140.81,206.23,66.36,78.52
2022-04-05,97.226,138.34,202.26,65.47,79.041
2022-04-06,97.224,135.78,201.17,64.07,77.463
2022-04-07,97.222,134.95,201.67,63.66,77.306
2022-04-08,97.22,137.31,204.86,64.47,78.501
2022-04-11,97.213,137.56,203.52,64.59,77.143
2022-04-12,97.211,137.85,203.88,64.39,77.48
2022-04-13,97.209,138.77,206.76,64.39,77.123
2022-04-14,97.207,140.44,207.14,64.94,77.721
2022-04-15,97.207,140.44,207.14,64.94,77.721
2022-04-18,97.207,140.44,207.14,64.94,77.721
2022-04-19,97.199,140.51,208.77,64.47,77.969
2022-04-20,97.197,141.62,209.15,65.34,77.961
2022-04-21,97.195,142.33,205.48,66.2,78.045
2022-04-22,97.192,139.5,199.43,64.9,76.142
2022-04-25,97.188,137.38,198.29,63.75,74.615
2022-04-26,97.186,135.7,194.32,63.58,74.974
2022-04-27,97.183,136.6,195.74,63.94,75.624
2022-04-28,97.182,137.47,197.98,64.54,76.012
2022-04-29,97.179,138.07,192.89,64.77,75.836
2022-05-02,97.172,136.67,193.77,63.75,74.073
2022-05-03,97.17,138.74,195.95,64.32,75.374
2022-05-04,97.167,137.77,201.75,63.53,74.473
2022-05-05,97.165,136.59,196.14,63.27,74.966
2022-05-06,97.163,135.1,196.47,62.36,73.8
2022-05-09,97.163,135.1,196.47,62.36,73.8
2022-05-10,97.151,131.87,185.84,61.13,71.393
2022-05-11,97.15,133.91,185.04,62.61,72.239
2022-05-12,97.148,132.92,185.13,61.96,71.417
2022-05-13,97.145,135.97,190.52,63.55,73.103
2022-05-16,97.139,136.24,192.57,63.46,72.849
2022-05-17,97.137,138.34,197.86,64.34,73.117
2022-05-18,97.137,138.34,197.86,64.34,73.117
2022-05-19,97.137,138.34,197.86,64.34,73.117
2022-05-20,97.131,135.47,190.89,62.82,69.627
2022-05-23,97.129,137.63,196.62,63.72,70.447
2022-05-24,97.127,135.75,195.34,62.71,68.69
2022-05-25,97.125,137.32,198.43,63.14,70.282
2022-05-26,97.125,137.32,198.43,63.14,70.282
2022-05-27,97.121,141.63,206.49,65.38,72.948
2022-05-30,97.121,141.63,206.49,65.38,72.948
2022-05-31,97.113,140.8,204.97,65.0,72.791
2022-06-01,97.112,139.94,204.58,64.47,72.9
2022-06-02,97.11,141.08,205.81,65.28,72.759
2022-06-03,97.1,140.7,205.13,65.13,72.728
2022-06-06,97.1,140.7,205.13,65.13,72.728
2022-06-07,97.101,142.58,207.38,65.32,73.084
2022-06-08,97.099,141.39,205.6,64.83,73.35
2022-06-09,97.097,138.61,200.49,63.96,72.804
2022-06-10,97.094,134.22,195.39,62.21,70.406
2022-06-13,97.088,129.31,185.86,60.67,68.75
2022-06-14,97.086,128.85,184.81,59.89,68.22
2022-06-15,97.083,130.77,186.2,60.71,68.616
2022-06-16,97.081,126.92,178.78,59.21,66.369
2022-06-17,97.079,127.78,178.42,59.24,66.623
2022-06-20,97.079,127.78,178.42,59.24,66.623
2022-06-21,97.07,129.76,183.06,60.07,67.709
2022-06-22,97.068,127.45,180.47,59.62,67.829
2022-06-23,97.068,127.45,180.47,59.62,67.829
2022-06-24,97.064,128.0,183.58,61.18,69.77
2022-06-27,97.059,128.65,185.49,60.94,70.108
2022-06-28,97.057,129.75,184.89,61.35,69.867
2022-06-29,97.055,127.64,182.59,60.71,69.217
2022-06-30,97.052,125.42,179.88,59.69,68.595
2022-07-01,97.05,126.04,181.56,59.75,69.014
2022-07-04,97.05,126.04,181.56,59.75,69.014
2022-07-05,97.045,122.0,178.79,58.4,69.514
2022-07-06,97.043,122.71,177.07,58.16,71.2
2022-07-07,97.041,126.4,181.19,59.02,72.652
2022-07-08,97.039,127.58,180.45,59.31,73.047
2022-07-11,97.034,126.11,177.22,58.97,72.658
2022-07-12,97.032,126.84,176.43,59.45,72.832
2022-07-13,97.03,125.52,174.75,58.96,71.53
2022-07-14,97.03,125.52,174.75,58.96,71.53
2022-07-15,97.026,125.51,175.89,59.38,72.495
2022-07-18,97.021,126.8,177.37,59.92,72.675
2022-07-19,97.019,129.49,183.29,60.99,72.495
2022-07-20,97.017,128.91,183.46,60.79,73.842
2022-07-21,97.014,128.7,181.8,60.99,73.955
2022-07-22,97.012,128.42,179.57,61.1,73.862
2022-07-25,97.006,129.13,181.68,61.32,73.864
2022-07-26,97.004,128.63,180.49,61.09,73.695
2022-07-27,97.003,130.28,184.19,61.5,74.541
2022-07-28,97.002,130.71,185.64,62.32,75.6
2022-07-29,97.001,132.26,188.49,63.47,76.254
2022-08-01,96.999,131.2,187.0,63.31,76.472
2022-08-02,96.999,131.02,186.1,63.0,76.558
2022-08-03,96.999,132.34,187.3,63.65,77.472
2022-08-04,96.998,132.51,185.25,64.04,77.072
2022-08-05,96.997,132.77,186.75,63.66,77.122
2022-08-08,96.995,133.06,187.58,64.2,77.523
2022-08-09,96.996,132.47,188.09,63.82,76.746
2022-08-10,96.995,133.7,191.65,64.26,77.296
2022-08-11,96.994,134.37,194.23,64.35,77.847
2022-08-12,96.994,135.08,197.39,64.49,78.74
2022-08-15,96.994,135.08,197.39,64.49,78.74
2022-08-16,96.991,135.81,195.9,64.9,80.393
2022-08-17,96.991,133.87,193.37,64.17,79.804
2022-08-18,96.991,134.37,195.27,64.51,80.451
2022-08-19,96.99,132.82,192.87,63.86,80.0
2022-08-22,96.99,130.76,189.64,62.73,79.519
2022-08-23,96.99,131.44,191.79,62.59,78.802
2022-08-24,96.989,131.69,193.66,62.84,79.12
2022-08-25,96.989,132.73,197.11,62.73,79.49
2022-08-26,96.988,130.34,192.35,61.67,78.422
2022-08-29,96.987,129.51,192.01,61.21,76.742
2022-08-30,96.987,128.33,188.54,61.1,75.848
2022-08-31,96.986,127.44,186.65,60.14,75.224
2022-09-01,96.986,125.5,184.97,59.31,75.144
2022-09-02,96.986,127.35,186.14,60.66,76.166
2022-09-05,96.986,127.35,186.14,60.66,76.166
2022-09-06,96.983,126.11,184.47,60.05,75.499
2022-09-07,96.983,126.12,186.29,60.03,75.411
2022-09-08,96.982,127.19,187.38,60.29,76.579
2022-09-09,96.982,129.04,191.88,61.11,76.937
2022-09-12,96.982,131.36,194.83,62.26,77.35
2022-09-13,96.981,129.08,188.53,61.4,75.776
2022-09-14,96.98,128.59,190.5,61.19,75.177
2022-09-15,96.981,128.53,189.63,60.56,74.75
2022-09-16,96.982,126.52,186.7,59.72,73.267
2022-09-19,96.984,127.04,188.43,59.6,73.596
2022-09-20,96.987,125.02,185.41,58.77,73.657
2022-09-21,96.988,125.36,181.68,59.34,74.669
2022-09-22,96.989,124.11,179.61,58.28,72.875
2022-09-23,96.991,121.27,172.45,56.95,72.276
2022-09-26,96.992,120.95,169.02,56.83,72.791
2022-09-27,96.995,120.46,168.98,56.67,72.719
2022-09-28,96.996,120.16,173.42,56.79,72.829
2022-09-29,96.997,118.18,170.45,55.91,70.955
2022-09-30,96.997,119.27,168.71,56.7,71.324
2022-10-03,97.001,120.52,174.96,57.03,71.001
2022-10-04,97.002,124.19,182.23,59.41,72.282
2022-10-05,97.004,122.92,182.53,58.81,72.303
2022-10-06,97.006,122.04,181.66,58.34,73.171
2022-10-07,97.006,120.98,178.76,57.71,71.488
2022-10-10,97.009,120.66,176.96,57.45,71.115
2022-10-11,97.011,119.77,175.46,57.38,70.724
2022-10-12,97.012,118.81,176.26,57.24,70.55
2022-10-13,97.013,120.68,182.11,57.82,70.527
2022-10-14,97.014,120.4,178.63,58.38,70.87
2022-10-17,97.017,122.74,182.46,59.4,71.415
2022-10-18,97.019,123.48,185.23,59.66,71.704
2022-10-19,97.02,123.2,184.84,59.44,72.199
2022-10-20,97.021,123.97,185.18,59.84,72.14
2022-10-21,97.022,124.44,190.46,59.35,71.879
2022-10-24,97.026,124.87,191.1,60.28,72.943
2022-10-25,97.028,126.3,193.79,61.49,73.53
2022-10-26,97.03,127.79,195.45,61.77,73.485
2022-10-27,97.03,128.01,195.58,61.44,73.197
2022-10-28,97.032,128.42,197.8,61.68,74.079
2022-10-31,97.032,128.82,197.91,61.64,74.751
2022-11-01,97.032,128.82,197.91,61.64,74.751
2022-11-02,97.036,129.34,194.8,61.77,74.034
2022-11-03,97.039,129.85,195.1,61.43,73.142
2022-11-04,97.042,131.86,199.16,63.09,71.864
2022-11-07,97.05,132.05,202.05,63.14,72.274
2022-11-08,97.056,132.86,202.39,63.4,72.991
2022-11-09,97.059,132.04,196.6,63.25,72.033
2022-11-10,97.063,135.12,204.8,64.54,73.624
2022-11-11,97.063,135.12,204.8,64.54,73.624
2022-11-14,97.076,135.33,205.97,65.0,73.607
2022-11-15,97.082,136.44,207.53,65.35,73.953
2022-11-16,97.085,135.08,203.17,65.0,72.812
2022-11-17,97.089,134.79,202.41,64.71,72.539
2022-11-18,97.092,135.76,202.28,65.34,73.031
2022-11-21,97.099,135.84,200.8,65.28,73.488
2022-11-22,97.104,137.0,204.05,65.48,73.939
2022-11-23,97.108,137.07,203.92,65.65,74.133
2022-11-24,97.108,137.07,203.92,65.65,74.133
2022-11-25,97.115,137.29,204.05,66.04,74.001
2022-11-28,97.125,136.32,200.23,65.61,73.341
2022-11-29,97.13,137.17,202.35,65.63,72.827
2022-11-30,97.133,138.25,205.88,66.27,73.283
2022-12-01,97.137,138.09,205.01,66.52,74.095
2022-12-02,97.14,138.62,205.63,66.38,73.758
2022-12-05,97.149,137.98,200.97,65.99,73.134
2022-12-06,97.153,137.31,198.49,65.8,71.932
2022-12-07,97.158,136.48,197.29,65.49,71.556
2022-12-08,97.161,136.68,197.73,65.35,71.681
2022-12-09,97.165,137.03,195.21,65.59,71.941
2022-12-12,97.176,136.71,198.19,65.39,71.721
2022-12-13,97.18,138.37,200.06,66.27,72.868
2022-12-14,97.184,138.13,199.1,66.13,72.584
2022-12-15,97.187,135.1,196.1,64.08,69.941
2022-12-16,97.19,134.29,194.36,63.43,69.402
2022-12-19,97.2,134.37,192.84,63.59,68.942
2022-12-20,97.204,134.66,195.06,63.42,68.636
2022-12-21,97.207,137.09,198.08,64.72,69.99
2022-12-22,97.211,135.88,195.46,64.07,68.764
2022-12-23,97.216,136.02,197.9,64.03,68.936
2022-12-26,97.216,136.02,197.9,64.03,68.936
2022-12-27,97.232,136.3,198.6,64.54,68.942
2022-12-28,97.241,135.28,195.58,64.18,68.575
2022-12-29,97.245,136.17,198.99,64.8,69.056
2022-12-30,97.25,134.82,199.35,63.81,68.384
2023-01-02,97.25,134.82,199.35,63.81,68.384
2023-01-03,97.269,137.96,198.33,65.38,69.082
2023-01-04,97.273,140.49,202.0,66.79,69.72
2023-01-05,97.278,140.67,203.52,66.65,69.173
2023-01-06,97.282,142.39,207.65,67.61,69.797
2023-01-09,97.294,142.59,207.75,68.09,70.272
2023-01-10,97.3,142.18,209.58,67.67,69.396
2023-01-11,97.304,142.66,209.9,68.22,70.132
2023-01-12,97.309,144.4,212.16,68.78,70.185
2023-01-13,97.313,145.33,213.25,69.19,70.254
2023-01-16,97.313,145.33,213.25,69.19,70.254
2023-01-17,97.331,146.05,212.31,69.68,70.719
2023-01-18,97.335,146.58,208.79,69.77,70.142
2023-01-19,97.339,144.45,208.31,68.39,68.947
2023-01-20,97.343,145.65,211.34,68.82,69.5
2023-01-23,97.358,146.54,212.75,69.22,70.833
2023-01-24,97.364,146.66,212.31,69.37,70.642
2023-01-25,97.369,146.85,214.25,69.3,69.864
2023-01-26,97.374,148.08,216.06,69.8,70.993
2023-01-27,97.378,148.28,215.34,69.82,71.736
2023-01-30,97.391,147.21,213.37,69.71,71.274
2023-01-31,97.397,147.79,216.83,69.7,71.275
2023-02-01,97.402,148.67,217.77,69.59,71.271
2023-02-02,97.406,150.04,216.81,70.5,73.344
2023-02-03,97.411,150.52,215.81,71.16,73.868
2023-02-06,97.427,149.16,214.48,70.21,73.532
2023-02-07,97.431,149.41,216.11,70.13,73.677
2023-02-08,97.436,149.47,215.86,70.01,73.548
2023-02-09,97.442,150.5,212.62,70.69,73.494
2023-02-10,97.447,149.43,214.43,70.12,73.159
2023-02-13,97.463,150.54,215.89,70.92,73.733
2023-02-14,97.472,151.42,215.57,71.03,73.328
2023-02-15,97.477,152.28,214.73,71.87,74.1
2023-02-16,97.483,153.64,213.82,72.53,73.937
2023-02-17,97.489,152.64,212.09,72.27,72.864
2023-02-20,97.489,152.64,212.09,72.27,72.864
2023-02-21,97.514,151.67,208.14,71.86,72.11
2023-02-22,97.52,150.54,208.16,71.78,72.122
2023-02-23,97.526,151.74,208.18,71.94,72.167
2023-02-24,97.532,150.4,207.8,70.63,71.904
2023-02-27,97.549,152.21,208.38,71.75,72.217
2023-02-28,97.558,152.51,207.43,71.48,71.974
2023-03-01,97.562,152.38,208.52,71.08,70.968
2023-03-02,97.568,153.42,209.72,71.59,71.356
2023-03-03,97.575,155.4,212.56,72.27,72.667
2023-03-06,97.592,155.77,211.55,72.53,73.134
2023-03-07,97.601,154.51,208.05,72.2,72.704
2023-03-08,97.606,154.67,206.68,72.05,72.425
2023-03-09,97.612,153.79,200.73,71.96,72.522
2023-03-10,97.617,151.18,196.89,71.01,70.806
2023-03-13,97.637,146.19,192.42,68.94,69.27
2023-03-14,97.643,148.97,194.16,70.26,70.276
2023-03-15,97.648,142.4,188.46,67.7,70.146
2023-03-16,97.654,144.14,190.4,69.11,71.251
2023-03-17,97.661,141.68,185.82,68.18,70.631
2023-03-20,97.68,143.25,188.8,69.04,70.477
2023-03-21,97.686,146.66,193.16,70.04,71.004
2023-03-22,97.692,146.18,188.19,70.25,71.126
2023-03-23,97.699,144.98,185.96,70.31,70.393
2023-03-24,97.707,141.69,186.83,69.1,70.339
2023-03-27,97.723,143.46,190.36,69.73,70.905
2023-03-28,97.73,143.84,191.17,69.82,70.31
2023-03-29,97.737,145.65,193.96,70.78,71.076
2023-03-30,97.745,147.47,194.48,71.57,71.334
2023-03-31,97.752,147.99,196.67,72.13,72.184
2023-04-03,97.771,148.52,200.32,72.37,72.423
2023-04-04,97.779,147.8,197.75,72.35,71.924
2023-04-05,97.786,146.5,198.14,72.02,71.859
2023-04-06,97.793,147.94,197.62,72.13,71.874
2023-04-07,97.793,147.94,197.62,72.13,71.874
2023-04-10,97.793,147.94,197.62,72.13,71.874
2023-04-11,97.827,148.56,202.81,72.76,72.38
2023-04-12,97.836,148.38,202.75,72.82,71.9
2023-04-13,97.843,148.91,204.14,73.63,71.616
2023-04-14,97.85,150.05,204.05,74.03,72.233
2023-04-17,97.872,150.43,205.42,73.87,72.703
2023-04-18,97.88,151.38,205.35,74.23,72.731
2023-04-19,97.887,151.11,204.28,74.4,72.693
2023-04-20,97.894,150.03,201.2,74.27,72.384
2023-04-21,97.902,149.52,201.0,74.64,72.306
2023-04-24,97.924,149.28,202.52,74.74,71.903
2023-04-25,97.932,147.42,199.11,74.51,71.827
2023-04-26,97.939,146.05,197.12,73.91,71.038
2023-04-27,97.947,146.72,199.44,74.12,71.485
2023-04-28,97.954,147.51,201.6,74.29,72.311
2023-05-01,97.954,147.51,201.6,74.29,72.311
2023-05-02,97.984,145.27,195.8,73.27,71.676
2023-05-03,97.993,145.06,194.44,73.47,71.617
2023-05-04,98.0,142.97,191.84,72.78,70.986
2023-05-05,98.007,145.37,195.94,73.74,71.88
2023-05-08,98.007,145.37,195.94,73.74,71.88
2023-05-09,98.007,145.37,195.94,73.74,71.88
2023-05-10,98.045,145.68,194.58,73.25,72.389
2023-05-11,98.052,145.69,192.26,73.52,72.746
2023-05-12,98.06,146.53,191.97,73.79,72.935
2023-05-15,98.085,147.34,193.49,73.95,73.054
2023-05-16,98.094,147.25,189.78,73.83,73.073
2023-05-17,98.102,148.09,193.29,73.82,73.356
2023-05-18,98.102,148.09,193.29,73.82,73.356
2023-05-19,98.117,149.32,193.2,74.72,74.476
2023-05-22,98.141,149.8,194.7,74.8,74.834
2023-05-23,98.15,148.95,194.51,73.86,74.749
2023-05-24,98.158,146.15,192.55,72.61,73.624
2023-05-25,98.166,145.58,189.78,72.37,74.305
2023-05-26,98.174,146.58,190.17,73.28,75.391
2023-05-29,98.174,146.58,190.17,73.28,75.391
2023-05-30,98.206,144.77,189.33,72.5,75.598
2023-05-31,98.213,143.18,187.33,71.4,75.282
2023-06-01,98.221,145.36,190.8,71.82,75.372
2023-06-02,98.229,148.45,195.63,73.15,76.796
2023-06-05,98.255,147.67,194.66,72.44,77.225
2023-06-06,98.263,148.46,197.15,72.61,77.117
2023-06-07,98.271,148.5,200.98,72.55,77.051
2023-06-08,98.279,149.66,201.01,72.71,76.587
2023-06-09,98.288,149.83,200.38,72.62,77.071
2023-06-12,98.312,150.52,200.71,73.06,77.273
2023-06-13,98.32,151.56,203.09,73.51,77.974
2023-06-14,98.328,151.97,200.93,73.85,77.93
2023-06-15,98.337,151.29,204.24,73.43,77.722
2023-06-16,98.345,152.5,203.64,74.42,78.044
2023-06-19,98.345,152.5,203.64,74.42,78.044
2023-06-20,98.38,150.71,201.32,73.48,77.376
2023-06-21,98.389,150.88,202.07,73.2,76.93
2023-06-22,98.398,149.71,200.99,72.61,76.87
2023-06-23,98.398,149.71,200.99,72.61,76.87
2023-06-26,98.432,148.1,200.97,72.45,76.765
2023-06-27,98.442,149.39,202.75,72.78,76.64
2023-06-28,98.451,150.65,202.54,73.51,77.39
2023-06-29,98.46,151.7,204.65,73.74,77.78
2023-06-30,98.46,153.44,206.54,74.56,78.595
2023-07-03,98.491,153.62,207.76,74.57,78.666
2023-07-04,98.491,153.62,207.76,74.57,78.666
2023-07-05,98.511,152.33,207.16,73.74,78.881
2023-07-06,98.52,148.45,204.54,71.47,77.935
2023-07-07,98.528,150.05,208.18,71.77,77.765
2023-07-10,98.555,150.97,209.55,72.12,77.365
2023-07-11,98.565,152.47,212.76,72.82,77.54
2023-07-12,98.573,154.76,212.63,74.01,77.705
2023-07-13,98.584,155.61,213.29,74.36,77.424
2023-07-14,98.584,155.61,213.29,74.36,77.424
2023-07-17,98.621,153.87,209.29,73.56,77.575
2023-07-18,98.63,154.59,212.73,73.85,77.95
2023-07-19,98.639,154.58,215.3,73.96,78.735
2023-07-20,98.648,155.39,215.85,74.53,78.81
2023-07-21,98.656,155.05,216.26,74.97,78.95
2023-07-24,98.683,155.96,218.3,74.92,79.31
2023-07-25,98.692,156.04,218.45,74.79,79.71
2023-07-26,98.701,155.9,218.97,73.88,79.42
2023-07-27,98.711,157.77,216.41,75.43,80.555
2023-07-28,98.72,158.17,217.07,75.55,80.25
2023-07-31,98.747,159.1,219.28,75.67,80.19
2023-08-01,98.756,158.01,218.34,74.71,80.419
2023-08-02,98.764,156.12,216.71,73.81,79.813
2023-08-03,98.774,155.47,216.75,73.24,79.39
2023-08-04,98.784,156.23,217.68,73.87,79.087
2023-08-07,98.813,156.74,218.58,73.87,78.895
2023-08-08,98.822,155.23,220.33,73.37,78.78
2023-08-09,98.831,156.21,220.02,73.88,78.625
2023-08-10,98.84,157.47,218.74,74.99,78.86
2023-08-11,98.85,155.59,220.37,74.03,78.417
2023-08-14,98.88,155.82,219.48,74.13,79.109
2023-08-15,98.88,155.82,219.48,74.13,79.109
2023-08-16,98.898,153.68,214.84,73.29,78.685
2023-08-17,98.908,152.33,212.99,72.68,78.11
2023-08-18,98.917,151.34,213.68,72.3,77.435
2023-08-21,98.945,151.81,213.45,72.65,77.555
2023-08-22,98.955,152.81,212.59,73.06,78.355
2023-08-23,98.965,153.42,213.38,73.08,78.81
2023-08-24,98.974,152.52,212.1,72.78,78.605
2023-08-25,98.983,152.55,212.16,72.95,78.57
2023-08-28,99.012,154.53,213.7,73.98,79.06
2023-08-29,99.021,155.59,216.47,74.5,79.747
2023-08-30,99.031,155.6,216.66,74.41,79.775
2023-08-31,99.04,155.51,216.02,73.9,80.63
2023-09-01,99.05,155.68,217.84,73.71,80.835
2023-09-04,99.05,155.68,217.84,73.71,80.835
2023-09-05,99.088,155.21,215.57,73.31,81.21
2023-09-06,99.098,154.08,214.44,72.71,80.531
2023-09-07,99.108,153.12,212.59,72.7,80.4
2023-09-08,99.117,153.62,212.68,73.16,80.701
2023-09-11,99.146,154.35,213.53,73.48,80.494
2023-09-12,99.157,154.27,215.28,73.24,80.625
2023-09-13,99.167,153.64,214.23,72.89,80.606
2023-09-14,99.176,155.6,216.34,73.83,81.504
2023-09-15,99.186,156.02,215.44,74.46,80.91
2023-09-18,99.213,154.15,214.81,73.38,80.715
2023-09-19,99.223,154.64,214.37,73.44,80.145
2023-09-20,99.233,155.93,213.63,74.07,80.338
2023-09-21,99.243,154.05,211.17,72.81,79.035
2023-09-22,99.253,153.25,209.87,72.57,79.0
2023-09-25,99.285,152.43,211.42,72.02,79.005
2023-09-26,99.296,151.47,208.19,71.46,78.38
2023-09-27,99.306,152.23,209.01,71.43,78.61
2023-09-28,99.316,152.93,210.01,71.93,78.715
2023-09-29,99.325,152.92,208.81,72.11,78.89
2023-10-02,99.357,151.01,205.21,71.4,79.02
2023-10-03,99.368,149.18,202.28,70.79,78.17
2023-10-04,99.378,148.47,199.9,70.64,78.025
2023-10-05,99.389,147.66,200.3,70.68,77.78
2023-10-06,99.399,149.25,201.48,71.33,78.22
2023-10-09,99.428,148.8,204.36,70.92,78.965
2023-10-10,99.439,151.52,206.41,72.31,79.92
2023-10-11,99.449,151.82,205.84,71.98,79.455
2023-10-12,99.459,151.67,202.8,71.74,80.255
2023-10-13,99.47,149.58,203.86,70.7,79.866
2023-10-16,99.501,150.36,205.69,70.9,80.35
2023-10-17,99.501,150.36,205.69,70.9,80.35
2023-10-18,99.522,148.76,205.51,70.32,79.78
2023-10-19,99.532,147.16,204.42,69.89,78.925
2023-10-20,99.542,144.42,201.84,68.88,77.32
2023-10-23,99.572,144.58,199.71,69.18,77.075
2023-10-24,99.583,145.14,200.93,69.63,77.58
2023-10-25,99.593,143.66,199.45,69.8,77.11
2023-10-26,99.603,143.37,199.24,69.59,76.39
2023-10-27,99.613,142.68,195.08,68.72,75.72
2023-10-30,99.646,143.34,197.45,69.03,75.644
2023-10-31,99.655,144.09,198.95,69.61,76.495
2023-11-01,99.655,144.09,198.95,69.61,76.495
2023-11-02,99.675,146.33,204.87,71.35,78.48
2023-11-03,99.686,146.78,207.26,71.27,78.79
2023-11-06,99.716,146.52,205.66,70.97,78.7
2023-11-07,99.727,145.51,204.08,70.73,79.445
2023-11-08,99.738,145.64,202.57,71.2,79.155
2023-11-09,99.748,146.44,200.6,71.94,79.349
2023-11-10,99.758,146.15,202.08,71.25,79.425
2023-11-13,99.794,147.45,202.26,71.74,79.95
2023-11-14,99.805,148.75,208.72,72.76,80.355
2023-11-15,99.816,149.2,208.95,73.02,80.59
2023-11-16,99.826,147.94,206.54,72.55,80.225
2023-11-17,99.836,149.62,209.53,73.23,80.28
2023-11-20,99.867,150.43,210.22,73.3,80.355
2023-11-21,99.878,149.6,210.17,73.12,80.395
2023-11-22,99.888,149.81,210.78,73.44,81.27
2023-11-23,99.888,149.81,210.78,73.44,81.27
2023-11-24,99.909,150.43,212.3,73.77,80.791
2023-11-27,99.941,149.27,211.2,73.58,80.735
2023-11-28,99.952,149.45,210.9,73.45,80.49
2023-11-29,99.962,149.76,212.06,73.61,80.6
2023-11-30,99.972,150.31,214.34,74.0,80.86
2023-12-01,99.983,151.92,217.18,74.35,81.675
2023-12-04,100.014,150.85,216.63,74.3,81.602
2023-12-05,100.023,150.84,214.61,74.79,82.135
2023-12-06,100.034,151.57,213.14,75.36,82.071
2023-12-07,100.044,151.2,214.38,75.27,82.308
2023-12-08,100.054,152.96,215.5,76.19,82.82
2023-12-11,100.087,153.02,215.04,76.45,83.116
2023-12-12,100.097,152.9,213.9,74.29,83.237
2023-12-13,100.108,153.33,218.14,74.19,83.649
2023-12-14,100.118,155.16,223.29,74.61,83.29
2023-12-15,100.128,155.76,221.4,74.9,84.009
2023-12-18,100.159,155.46,221.76,74.57,84.243
2023-12-19,100.17,156.26,225.06,74.68,84.21
2023-12-20,100.18,156.12,221.74,74.79,84.465
2023-12-21,100.19,156.61,224.32,74.65,83.63
2023-12-22,100.201,156.62,224.64,74.61,83.929
2023-12-25,100.201,156.62,224.64,74.61,83.929
2023-12-26,100.201,156.62,224.64,74.61,83.929
2023-12-27,100.201,156.62,224.64,74.61,83.929
2023-12-28,100.265,156.49,226.54,74.23,83.895
2023-12-29,100.276,156.71,225.49,74.26,83.58
2024-01-01,100.276,156.71,225.49,74.26,83.58
2024-01-02,100.315,157.32,227.32,74.28,84.045
2024-01-03,100.32,155.73,226.07,73.07,83.87
2024-01-04,100.336,157.85,225.27,73.48,83.657
2024-01-05,100.346,157.38,227.71,73.19,83.432
2024-01-08,100.378,157.58,227.51,73.39,83.572
2024-01-09,100.39,157.05,225.31,73.21,84.445
2024-01-10,100.4,156.61,224.48,73.17,84.428
2024-01-11,100.41,156.09,223.4,72.81,84.202
2024-01-12,100.421,157.66,223.66,73.56,84.64
2024-01-15,100.421,157.66,223.66,73.56,84.64
2024-01-16,100.462,155.63,221.75,72.93,85.262
2024-01-17,100.462,155.63,221.75,72.93,85.262
2024-01-18,100.483,155.53,218.99,73.05,85.185
2024-01-19,100.493,154.98,219.8,72.69,85.695
2024-01-22,100.526,155.96,222.21,73.08,86.64
2024-01-23,100.538,156.17,223.63,72.82,86.89
2024-01-24,100.548,157.58,222.7,73.52,87.205
2024-01-25,100.559,158.12,224.25,73.61,87.76
2024-01-26,100.569,158.88,224.59,75.29,87.591
2024-01-29,100.599,158.32,225.4,75.36,87.995
2024-01-30,100.61,158.4,225.39,75.76,88.305
2024-01-31,100.62,158.38,222.72,75.51,87.454
2024-02-01,100.63,157.34,224.1,74.84,87.18
2024-02-02,100.64,157.41,222.08,74.88,89.094
2024-02-05,100.674,156.26,218.99,74.88,89.303
2024-02-06,100.684,158.19,220.81,75.37,89.425
2024-02-07,100.695,157.09,220.65,75.16,89.905
2024-02-08,100.705,156.74,220.71,75.65,90.093
2024-02-09,100.715,157.31,220.69,75.46,90.26
2024-02-12,100.747,158.32,224.12,75.89,91.051
2024-02-13,100.758,157.2,219.71,75.23,90.12
2024-02-14,100.769,158.78,221.76,75.77,90.134
2024-02-15,100.78,159.62,225.43,76.43,90.53
2024-02-16,100.791,160.43,224.09,76.63,90.8
2024-02-19,100.791,160.43,224.09,76.63,90.8
2024-02-20,100.834,160.22,223.14,76.94,89.425
2024-02-21,100.844,160.84,223.97,77.09,89.325
2024-02-22,100.855,162.56,224.96,78.04,91.141
2024-02-23,100.867,163.28,224.96,78.58,91.525
2024-02-26,100.898,162.71,223.95,78.25,91.15
2024-02-27,100.909,162.79,224.07,78.47,90.856
2024-02-28,100.919,162.38,222.58,78.46,91.09
